PDB Name,Pocket num,ALA,ARG,ASN,ASP,CYS,GLN,GLU,GLY,ILE,LEU,LYS,MET,PHE,PRO,SER,THR,TRP,TYR,VAL,HIS,ASX,GLX,UNK
1A8IA,1,2,2,4,2,0,0,3,3,0,2,1,0,2,0,1,2,0,2,1,2,0,0,0
1A8IA,2,1,1,1,0,0,0,3,2,1,2,0,2,1,1,0,1,2,3,0,0,0,0,0
1A8IA,3,0,3,1,0,1,0,5,0,0,1,2,0,1,2,1,0,0,1,0,0,0,0,0
1A8IA,4,2,2,0,1,0,1,1,0,1,2,2,0,0,1,0,0,1,1,2,1,0,0,0
1A8IA,5,0,1,2,2,0,1,4,1,2,0,2,0,0,0,1,0,0,2,0,0,0,0,0
1A8IA,6,1,2,0,1,0,0,0,0,0,0,0,1,0,2,0,3,0,0,1,0,0,0,0
1A8IA,7,0,0,0,0,0,1,1,0,1,0,2,0,0,0,1,0,0,0,0,0,0,0,0
1A8IA,8,0,0,0,1,0,0,0,0,0,0,1,0,1,0,0,0,0,0,1,1,0,0,0
1A8IA,9,0,1,1,1,0,0,0,1,0,1,0,0,1,1,0,0,0,1,0,0,0,0,0
1A8IA,10,0,2,0,0,0,0,1,0,2,0,1,1,0,0,0,0,0,0,2,0,0,0,0
1A8IA,11,1,0,0,1,0,1,0,1,0,0,2,0,0,1,0,1,1,1,1,0,0,0,0
1A8IA,12,0,1,0,0,1,0,1,1,1,0,1,0,1,0,0,0,0,0,0,0,0,0,0
1A8IA,13,1,1,0,1,0,0,2,1,0,1,0,0,2,1,0,0,0,0,1,0,0,0,0
1A8IA,14,0,4,0,1,0,2,1,0,1,0,1,0,1,0,0,1,1,1,1,0,0,0,0
1A8IA,15,0,2,1,1,0,0,0,0,1,0,0,0,1,0,0,0,2,0,0,0,0,0,0
1A8IA,16,1,1,1,2,0,0,0,0,0,1,0,1,0,0,0,0,0,1,0,2,0,0,0
1A8IA,17,0,1,0,0,0,1,1,0,1,0,0,0,0,0,0,0,1,0,0,1,0,0,0
1A8IA,18,0,1,0,0,0,0,2,0,1,0,1,0,0,1,0,0,0,1,1,0,0,0,0
1A8IA,19,1,0,0,0,0,1,1,0,0,0,0,0,0,0,0,0,0,0,2,0,0,0,0
1A8IA,20,0,0,1,1,0,0,0,1,2,0,0,0,1,0,0,1,0,0,2,0,0,0,0
1A8IA,21,1,2,1,1,0,0,3,1,1,0,0,1,1,1,0,0,0,1,0,2,0,0,0
1A8IA,22,0,0,1,0,0,0,1,0,0,0,1,0,0,1,0,0,0,0,0,0,0,0,0
1A8IA,23,1,2,0,2,0,0,0,1,0,1,0,1,0,0,0,0,0,1,0,0,0,0,0
1A8IA,24,1,1,0,0,0,0,2,0,0,0,1,0,0,0,0,0,1,0,1,2,0,0,0
1A8IA,25,0,1,0,0,0,0,0,1,0,0,0,0,0,0,0,0,0,0,1,0,0,0,0
1A8IA,26,1,3,0,0,0,1,3,0,1,2,2,0,1,0,1,0,0,0,2,1,0,0,0
1A8IA,27,1,1,0,0,0,0,1,0,0,1,0,0,2,0,0,0,0,0,0,0,0,0,0
1A8IA,28,1,1,0,3,0,1,0,1,0,1,0,0,0,0,2,0,0,0,0,0,0,0,0
1A8IA,29,0,2,0,0,0,0,1,0,0,2,0,0,0,0,1,0,0,0,2,0,0,0,0
1A8IA,30,1,0,0,0,0,0,0,2,0,1,2,0,0,1,0,0,0,1,1,0,0,0,0
1A8IA,31,2,1,0,3,0,0,1,1,3,0,0,0,1,0,0,3,0,0,3,1,0,0,0
1A8IA,32,1,0,0,1,0,1,0,0,1,1,0,0,1,0,0,0,0,1,2,0,0,0,0
1A8IA,33,0,2,1,0,0,0,1,0,1,1,1,0,1,1,0,1,0,0,1,1,0,0,0
1ADEA,1,2,0,0,2,0,0,0,0,1,1,0,0,0,1,1,1,0,0,3,0,0,0,0
1ADEA,2,0,0,0,1,0,0,1,0,1,2,1,2,0,1,0,0,0,0,1,0,0,0,0
1ADEA,3,2,1,0,1,0,1,0,1,0,3,0,0,0,2,0,2,1,1,0,1,0,0,0
1ADEA,4,3,0,1,1,0,0,1,0,0,0,0,0,0,0,0,0,0,0,1,0,0,0,0
1ADEA,5,1,0,0,1,0,1,1,5,0,0,1,0,0,0,0,2,0,0,0,1,0,0,0
1ADEA,6,2,0,1,1,0,0,0,1,0,1,0,0,0,1,1,0,0,0,3,0,0,0,0
1ADEA,7,0,2,0,0,0,0,1,1,0,0,1,0,0,0,0,0,0,0,1,0,0,0,0
1ADEA,8,1,2,0,2,0,0,0,1,0,2,1,0,0,1,0,0,0,0,0,1,0,0,0
1ADEA,9,1,0,0,0,0,0,2,0,0,0,1,0,0,0,0,0,0,0,0,0,0,0,0
1ADEA,10,1,0,0,1,0,0,1,1,0,0,0,0,0,0,3,0,0,0,3,0,0,0,0
1ADEA,11,0,0,0,1,0,0,1,3,0,0,2,0,0,1,1,1,0,0,0,0,0,0,0
1ADEA,12,0,0,0,0,0,1,1,2,0,1,1,0,0,1,1,0,1,0,0,0,0,0,0
1ADEA,13,0,0,0,2,0,0,0,1,0,1,0,0,0,0,1,0,0,0,0,0,0,0,0
1ADEA,14,0,2,0,0,0,1,0,0,0,0,0,0,0,0,0,1,0,0,0,0,0,0,0
1ADEA,15,0,1,0,1,0,0,0,1,0,0,0,0,0,0,1,0,0,1,0,0,0,0,0
1ADEA,16,0,1,0,0,0,0,1,0,0,0,0,0,0,1,0,0,0,0,0,0,0,0,0
1ADEA,17,0,1,0,1,0,0,1,0,0,2,0,0,0,0,1,1,0,0,0,0,0,0,0
1ADEA,18,1,0,0,0,0,0,0,0,0,0,1,0,0,0,0,0,0,0,1,2,0,0,0
1ADEA,19,0,0,0,0,0,1,0,0,0,0,0,0,1,0,0,0,0,2,0,0,0,0,0
1ADEA,20,0,1,0,1,0,0,0,1,0,0,1,0,0,1,0,0,0,0,0,0,0,0,0
1ADEA,21,0,0,2,0,0,1,0,2,1,0,1,0,0,0,2,1,0,2,1,0,0,0,0
1ADEA,22,0,1,1,0,0,1,0,0,1,1,1,0,0,0,0,0,0,0,0,0,0,0,0
1ADEA,23,0,0,1,0,0,0,0,2,0,0,0,0,0,0,0,1,0,0,0,1,0,0,0
1ADEA,24,1,1,0,0,0,0,1,1,0,0,1,0,2,2,0,0,1,1,0,0,0,0,0
1ALBA,1,3,2,0,1,1,0,0,0,1,0,1,1,2,1,2,2,0,1,2,0,0,0,0
1ALBA,2,0,0,1,1,0,0,2,0,2,0,0,0,1,0,1,2,0,0,0,0,0,0,0
1ALBA,3,0,0,0,0,0,0,1,0,0,1,1,0,1,0,1,0,0,0,1,0,0,0,0
1ALBA,4,0,1,1,1,0,0,0,0,0,0,0,1,1,0,1,0,0,0,0,0,0,0,0
1ALBA,5,0,0,0,1,1,0,0,1,0,0,1,0,0,0,0,0,0,0,2,0,0,0,0
1ALBA,6,0,0,1,0,0,0,1,0,0,0,1,1,0,0,1,1,0,0,0,0,0,0,0
1ALBA,7,0,0,0,1,0,0,1,0,0,0,0,0,0,0,0,0,0,0,0,0,0,0,0
1ALBA,8,0,1,0,0,0,1,1,0,3,0,0,1,0,0,1,1,0,0,0,0,0,0,0
1ALVA,1,0,2,0,0,1,0,0,0,1,3,0,2,0,0,0,0,0,1,0,0,0,0,0
1ALVA,2,0,1,0,1,0,0,0,0,0,0,0,1,0,0,2,1,0,1,2,0,0,0,0
1ALVA,3,0,0,0,0,0,1,0,0,1,1,1,0,1,0,0,0,1,0,2,0,0,0,0
1ALVA,4,0,0,0,0,0,2,0,0,0,1,0,1,0,0,0,0,0,0,0,0,0,0,0
1ALVA,5,0,0,0,0,0,1,0,1,0,0,0,0,0,0,0,2,0,0,0,0,0,0,0
1ALVA,6,0,0,0,0,0,0,2,0,0,0,0,1,0,0,1,0,0,1,0,0,0,0,0
1ALVA,7,0,0,1,0,0,1,1,0,1,1,0,0,0,0,0,0,0,0,0,0,0,0,0
1ALVA,8,0,0,0,0,0,0,0,0,0,1,0,1,1,0,0,0,0,0,0,0,0,0,0
1ALVA,9,0,1,0,1,0,0,0,1,0,0,0,0,2,0,0,0,0,0,0,1,0,0,0
1ALVA,10,2,1,0,0,0,0,0,1,0,0,0,0,0,0,0,0,0,0,1,0,0,0,0
1ALVA,11,2,1,0,0,0,0,0,1,0,0,0,0,1,0,0,0,0,0,0,0,0,0,0
1ALVA,12,1,0,0,0,0,0,0,0,1,2,0,1,1,0,0,0,0,0,0,0,0,0,0
1BP5A,1,0,1,1,0,0,0,1,0,0,0,1,1,0,0,0,1,0,1,1,0,0,0,0
1BP5A,2,1,1,1,0,0,0,0,0,2,1,0,0,0,0,1,0,0,1,0,0,0,0,0
1BP5A,3,0,1,0,1,0,0,1,0,0,0,2,0,0,3,0,0,1,0,1,0,0,0,0
1BP5A,4,0,0,0,0,0,1,1,0,0,0,1,0,1,1,3,0,0,0,0,0,0,0,0
1BP5A,5,2,1,0,0,0,0,0,0,0,1,0,0,0,1,0,0,0,0,0,0,0,0,0
1BP5A,6,0,0,0,2,2,0,0,0,0,1,1,0,0,0,0,0,0,1,0,1,0,0,0
1BP5A,7,0,0,0,0,0,1,0,1,0,0,2,0,1,0,1,0,0,0,0,0,0,0,0
1BP5A,8,1,0,0,0,0,1,0,0,0,1,1,2,0,1,0,1,0,1,1,0,0,0,0
1BP5A,9,0,0,0,0,0,1,0,1,0,1,2,0,0,0,0,0,0,0,0,0,0,0,0
1BP5A,10,0,0,0,1,0,1,1,1,0,0,0,0,0,0,0,0,0,0,0,0,0,0,0
1BP5A,11,0,0,0,1,0,0,1,0,0,1,1,0,0,0,0,1,0,1,0,1,0,0,0
1BP5A,12,0,0,1,0,1,0,0,1,0,2,0,0,0,1,0,0,0,0,0,0,0,0,0
1BP5A,13,0,0,0,1,0,1,0,1,0,0,1,0,1,0,0,0,0,0,0,0,0,0,0
1BP5A,14,1,0,0,1,0,0,0,1,0,0,0,0,0,1,2,0,0,1,1,0,0,0,0
1BP5A,15,1,1,1,0,0,0,0,0,0,0,0,1,0,1,1,0,0,0,0,0,0,0,0
1BP5A,16,1,0,1,1,0,0,0,0,0,0,1,0,1,1,0,0,0,0,0,0,0,0,0
1CLLA,1,0,0,0,0,0,0,1,0,3,1,0,2,2,0,0,0,0,0,1,0,0,0,0
1CLLA,2,1,1,0,0,0,0,2,0,0,0,0,0,0,0,0,0,0,0,0,0,0,0,0
1CLLA,3,1,0,0,0,0,0,0,0,2,1,0,4,1,0,0,0,0,0,1,0,0,0,0
1CLLA,4,1,0,0,0,0,1,0,0,0,1,0,1,1,0,0,1,0,0,0,0,0,0,0
1CLLA,5,0,0,0,2,0,0,0,0,0,0,2,0,0,0,0,1,0,0,0,0,0,0,0
1CLLA,6,0,0,1,0,0,1,1,0,0,0,0,1,0,1,0,0,0,0,0,0,0,0,0
1CLLA,7,1,0,0,0,0,0,1,0,0,0,1,0,0,0,0,0,0,0,0,1,0,0,0
1DUBD,1,0,0,1,0,0,0,0,0,0,0,3,0,0,0,0,0,0,0,0,0,0,0,0
1DUBD,2,1,0,0,0,0,0,1,0,1,1,0,1,1,0,1,0,0,0,1,0,0,0,0
1DUBD,3,1,0,0,1,0,0,0,0,1,0,3,0,0,0,0,0,0,0,0,0,0,0,0
1DUBD,4,1,0,0,0,0,0,0,0,0,0,1,1,0,0,0,2,0,0,0,0,0,0,0
1DUBD,5,1,0,0,0,0,0,1,0,1,0,2,0,0,0,0,1,0,0,0,0,0,0,0
1DUBD,6,1,0,1,0,0,0,0,1,0,1,0,1,0,0,1,1,0,0,1,0,0,0,0
1DUBD,7,0,0,0,1,0,0,0,1,0,2,0,0,0,1,0,1,0,0,0,0,0,0,0
1DUBD,8,1,1,1,1,0,0,0,1,1,0,0,1,0,0,1,1,0,0,1,0,0,0,0
1DUBD,9,2,2,1,1,1,1,0,2,4,1,1,2,1,1,0,1,0,0,2,0,0,0,0
1DUBD,10,0,1,0,0,1,1,0,1,1,1,0,1,1,0,0,0,0,0,0,0,0,0,0
1DUBD,11,1,0,0,0,0,0,2,4,2,3,0,1,1,1,0,1,1,0,0,0,0,0,0
1ECJD,1,2,0,3,3,1,0,0,2,1,4,0,1,1,1,1,2,0,1,1,0,0,0,0
1ECJD,2,1,0,3,1,0,1,1,1,1,1,0,1,0,1,0,0,0,0,0,0,0,0,0
1ECJD,3,0,1,2,0,0,0,0,1,1,0,0,0,0,1,0,0,0,1,0,0,0,0,0
1ECJD,4,0,2,0,0,0,0,0,0,0,0,1,0,1,0,0,0,0,0,0,2,0,0,0
1ECJD,5,3,2,0,0,1,1,0,0,0,0,0,0,1,0,0,0,0,0,0,0,0,0,0
1ECJD,6,0,0,0,1,0,1,0,0,1,1,2,0,0,1,1,2,0,0,1,0,0,0,0
1ECJD,7,1,1,1,0,0,1,2,2,0,1,0,1,1,0,0,2,0,1,0,0,0,0,0
1ECJD,8,0,0,2,0,0,0,3,0,1,2,2,0,0,0,1,0,0,0,0,0,0,0,0
1ECJD,9,0,1,0,0,0,1,2,0,3,0,0,0,0,0,0,0,0,0,0,0,0,0,0
1ECJD,10,0,1,0,2,0,0,0,0,0,0,0,0,0,0,1,1,0,0,1,0,0,0,0
1ECJD,11,1,1,0,0,0,0,1,0,0,1,1,0,0,0,0,0,0,0,0,0,0,0,0
1ECJD,12,1,2,0,0,0,0,1,0,0,0,0,0,0,1,0,1,0,2,0,1,0,0,0
1ECJD,13,1,0,0,0,0,0,1,0,3,2,0,0,0,0,0,0,1,0,0,0,0,0,0
1ECJD,14,0,0,1,0,0,0,1,1,1,0,0,0,0,0,0,0,0,1,0,0,0,0,0
1ECJD,15,0,0,0,0,1,1,1,0,0,0,0,0,1,2,0,0,0,1,1,0,0,0,0
1ECJD,16,1,1,2,0,0,0,0,0,0,0,0,0,0,0,0,0,0,0,1,0,0,0,0
1ECJD,17,1,1,1,1,1,0,0,0,0,0,0,0,0,1,0,0,0,0,0,0,0,0,0
1ECJD,18,1,0,0,0,0,1,2,1,0,1,0,0,0,1,0,1,0,1,0,1,0,0,0
1ECJD,19,1,1,1,3,0,0,0,0,0,1,1,0,1,1,1,0,0,0,1,0,0,0,0
1ECJD,20,0,0,1,1,0,1,0,0,0,0,0,0,0,0,1,0,0,0,1,0,0,0,0
1ECJD,21,1,0,0,0,0,1,0,0,0,0,0,0,0,2,0,0,0,0,1,0,0,0,0
1ECJD,22,1,2,1,0,0,0,1,0,0,0,0,1,0,0,0,0,0,0,0,0,0,0,0
1ECJD,23,2,0,1,1,0,0,0,0,0,0,1,0,0,0,0,1,0,0,0,0,0,0,0
1EX6A,1,2,1,0,2,0,0,1,1,0,0,2,0,0,1,2,0,0,0,0,0,0,0,0
1EX6A,2,0,1,1,0,0,0,1,0,0,1,1,0,0,1,1,0,0,0,1,0,0,0,0
1EX6A,3,0,0,0,1,0,0,1,0,0,0,2,0,0,0,0,0,0,0,0,0,0,0,0
1EX6A,4,0,0,0,0,0,0,0,0,0,1,1,0,2,0,1,0,0,0,0,0,0,0,0
1EX6A,5,0,0,0,1,0,0,1,0,1,1,0,0,1,0,3,0,0,0,0,0,0,0,0
1EX6A,6,0,0,0,1,0,1,1,1,1,0,0,0,1,0,1,0,1,0,0,0,0,0,0
1EX6A,7,0,0,0,0,0,0,0,1,0,0,1,0,0,0,2,0,0,0,0,0,0,0,0
1EX6A,8,1,0,0,1,0,1,0,0,0,0,0,1,0,0,0,0,0,0,0,0,0,0,0
1EXMA,1,0,0,1,3,0,0,0,2,1,1,2,1,0,0,1,3,0,1,1,0,0,0,0
1EXMA,2,2,1,2,2,0,0,3,1,1,0,2,0,1,0,0,2,0,0,2,2,0,0,0
1EXMA,3,0,3,0,0,0,0,0,2,0,1,0,0,0,0,1,3,0,0,1,0,0,0,0
1EXMA,4,0,2,0,0,0,1,3,2,0,2,0,0,0,1,0,0,0,1,0,0,0,0,0
1EXMA,5,0,0,0,2,0,0,1,0,0,0,3,0,1,1,0,0,0,0,2,0,0,0,0
1EXMA,6,0,0,0,0,0,0,0,0,1,0,0,0,2,1,0,0,0,1,3,0,0,0,0
1EXMA,7,0,1,1,3,0,0,1,0,0,0,0,1,0,0,0,0,0,0,0,0,0,0,0
1EXMA,8,0,0,0,0,0,1,1,0,0,1,1,0,1,1,0,1,0,0,0,0,0,0,0
1EXMA,9,1,1,1,2,0,0,2,0,0,0,1,0,0,0,0,1,1,0,0,0,0,0,0
1EXMA,10,0,1,0,1,0,0,1,0,0,1,0,1,0,2,0,0,0,0,0,0,0,0,0
1EXMA,11,0,1,0,0,0,0,1,0,0,0,1,0,0,0,0,0,0,0,1,2,0,0,0
1EXMA,12,0,1,0,0,0,0,0,1,0,0,0,0,2,0,1,1,0,0,0,0,0,0,0
1EXMA,13,1,2,0,1,0,0,0,1,1,0,0,0,0,1,0,1,0,0,0,1,0,0,0
1EXMA,14,0,2,0,0,0,1,3,2,0,1,0,0,0,0,0,0,0,0,1,0,0,0,0
1EXMA,15,0,1,0,1,0,0,1,0,0,1,1,0,0,0,0,1,0,0,0,0,0,0,0
1EXMA,16,0,1,0,1,0,0,1,2,0,0,0,0,0,0,0,0,0,1,0,0,0,0,0
1FA9A,1,1,4,0,1,0,1,0,0,0,0,0,0,0,0,1,1,1,3,0,0,0,0,0
1FA9A,2,4,4,5,3,0,1,2,6,3,1,4,0,1,1,2,1,1,4,2,2,0,0,0
1FA9A,3,1,3,0,1,0,0,0,0,0,0,0,1,0,2,0,2,0,0,1,0,0,0,0
1FA9A,4,1,0,2,1,0,1,0,1,0,2,2,0,0,1,0,0,1,1,2,0,0,0,0
1FA9A,5,1,3,0,2,0,1,2,0,0,0,1,0,0,1,0,2,1,2,0,1,0,0,0
1FA9A,6,1,2,1,1,0,0,2,2,1,1,0,2,1,1,0,1,2,2,0,0,0,0,0
1FA9A,7,0,1,0,0,1,0,2,0,1,1,1,0,1,0,0,0,0,0,0,0,0,0,0
1FA9A,8,0,1,2,0,0,1,4,0,0,1,2,0,1,0,1,0,0,1,0,0,0,0,0
1FA9A,9,0,1,0,0,0,0,2,0,0,1,1,0,0,0,0,0,0,1,1,0,0,0,0
1FA9A,10,0,2,0,0,0,1,0,0,0,0,0,0,1,0,1,0,0,0,1,0,0,0,0
1FA9A,11,2,0,0,0,0,0,3,0,0,1,0,0,0,0,0,0,0,2,0,0,0,0,0
1FA9A,12,1,0,0,0,0,0,2,0,1,0,0,0,1,0,0,0,0,1,0,0,0,0,0
1FA9A,13,1,1,2,2,0,0,0,2,1,0,1,0,1,0,0,0,0,1,0,0,0,0,0
1FA9A,14,0,0,0,1,0,1,0,0,0,1,0,0,1,0,1,0,0,0,1,0,0,0,0
1FA9A,15,1,0,1,0,0,1,0,1,1,1,0,1,0,1,0,0,0,1,0,0,0,0,0
1FA9A,16,0,0,0,1,0,1,0,0,0,0,2,0,1,1,2,0,1,0,1,0,0,0,0
1FA9A,17,0,0,0,1,0,1,1,1,0,0,0,0,0,0,0,0,0,1,0,0,0,0,0
1FA9A,18,0,1,0,0,0,1,1,0,2,1,1,1,1,0,0,0,1,0,1,1,0,0,0
1FA9A,19,0,0,1,0,0,0,0,0,0,0,1,0,2,0,0,0,0,0,0,0,0,0,0
1FA9A,20,1,0,1,0,0,0,0,1,0,1,2,0,0,1,0,0,0,1,1,1,0,0,0
1FA9A,21,0,0,0,1,0,0,1,0,0,1,0,0,0,0,0,0,0,1,0,0,0,0,0
1FA9A,22,0,0,2,0,0,0,2,1,0,2,0,0,1,1,0,0,0,0,0,0,0,0,0
1FA9A,23,0,1,2,2,0,0,3,0,1,0,0,0,0,0,0,0,0,0,0,0,0,0,0
1FA9A,24,0,0,0,2,0,0,1,0,0,0,2,1,0,0,0,0,0,1,1,0,0,0,0
1FA9A,25,0,2,0,0,0,1,0,0,2,0,1,0,0,1,0,0,0,0,0,1,0,0,0
1FA9A,26,0,1,0,2,0,0,0,1,0,1,1,0,0,0,2,0,0,0,0,0,0,0,0
1FA9A,27,0,0,0,2,0,0,0,0,1,1,0,0,0,0,0,0,0,1,0,0,0,0,0
1FA9A,28,0,0,0,0,0,0,3,1,0,1,1,0,0,0,0,0,0,0,0,0,0,0,0
1FA9A,29,0,1,0,1,0,0,0,0,0,0,1,0,0,0,0,1,1,0,0,1,0,0,0
1FA9A,30,0,2,0,1,0,0,0,0,0,0,1,0,0,1,0,0,2,0,1,0,0,0,0
1FA9A,31,0,0,1,1,0,0,1,0,0,0,0,0,0,0,0,0,0,0,0,0,0,0,0
1FA9A,32,1,0,0,1,0,0,1,1,2,0,0,0,0,0,0,0,0,0,1,1,0,0,0
1FA9A,33,2,0,0,0,0,0,1,1,0,0,0,0,0,0,1,1,0,0,0,1,0,0,0
1FA9A,34,0,1,0,1,0,0,0,0,0,1,0,0,0,0,0,0,0,1,0,0,0,0,0
1FA9A,35,0,0,0,1,0,0,0,0,0,1,1,0,1,1,0,0,0,0,0,0,0,0,0
1FA9A,36,1,2,0,0,0,0,2,0,0,1,0,0,0,0,2,0,0,1,0,0,0,0,0
1FA9A,37,0,0,0,0,0,0,0,1,0,1,0,0,0,0,0,0,0,1,0,0,0,0,0
1FA9A,38,1,0,2,1,0,1,0,0,0,0,0,0,0,0,0,0,0,0,0,0,0,0,0
1FA9A,39,1,0,1,1,0,0,0,0,2,0,0,0,0,0,0,1,0,1,2,0,0,0,0
1FA9A,40,0,0,0,1,0,0,0,0,1,0,2,0,0,1,0,0,0,0,0,1,0,0,0
1FA9A,41,0,1,0,0,0,0,1,0,0,0,1,0,0,1,1,0,0,0,0,0,0,0,0
1FA9A,42,0,0,0,1,0,0,1,1,0,2,0,0,0,0,0,1,0,0,0,0,0,0,0
1FA9A,43,0,1,1,0,0,0,1,0,0,0,2,0,0,1,0,0,0,0,0,0,0,0,0
1FA9A,44,0,0,1,0,0,1,0,0,0,0,0,0,0,0,0,0,0,0,0,0,0,0,0
1FA9A,45,0,1,0,1,0,1,0,0,1,0,0,0,0,0,1,0,0,0,0,1,0,0,0
1FA9A,46,0,0,0,0,0,0,2,1,0,1,1,0,0,1,0,0,0,0,1,0,0,0,0
1FA9A,47,1,0,1,0,0,1,0,0,0,0,0,0,0,0,0,0,0,0,1,0,0,0,0
1FA9A,48,1,0,1,1,0,1,0,0,0,1,0,0,0,1,0,0,0,0,2,0,0,0,0
1FA9A,49,0,0,0,0,0,0,1,0,1,0,0,0,0,0,0,0,0,1,0,0,0,0,0
1FA9A,50,0,1,0,1,0,1,0,0,1,0,0,0,0,0,0,1,0,0,0,0,0,0,0
1FA9A,51,0,1,0,1,0,0,1,2,2,0,0,0,0,0,1,0,0,0,3,1,0,0,0
1FA9A,52,0,0,1,0,1,0,1,0,0,0,2,0,0,1,0,0,0,0,0,0,0,0,0
1FA9A,53,0,2,0,0,1,2,6,0,0,2,2,0,1,1,1,0,0,0,0,0,0,0,0
1FA9A,54,0,0,0,0,0,0,0,1,1,1,2,0,0,0,1,1,0,1,0,1,0,0,0
1FA9A,55,0,1,1,0,0,1,0,1,0,3,0,0,1,0,0,0,0,0,0,1,0,0,0
1FVRA,1,1,2,0,0,1,0,2,1,0,2,0,0,0,2,0,1,1,0,1,0,0,0,0
1FVRA,2,0,0,1,0,0,0,1,0,0,2,1,0,1,1,1,1,1,1,1,0,0,0,0
1FVRA,3,0,2,0,1,0,1,0,1,0,0,0,0,0,0,0,0,1,0,0,0,0,0,0
1FVRA,4,0,0,1,1,0,0,2,0,0,1,0,1,0,1,0,0,0,1,1,0,0,0,0
1FVRA,5,1,0,0,0,1,0,1,0,0,1,0,1,0,0,0,1,1,2,0,0,0,0,0
1FVRA,6,0,0,2,0,0,0,0,0,0,1,1,0,1,0,0,0,0,0,0,0,0,0,0
1FVRA,7,0,1,1,0,0,1,0,0,0,0,0,0,1,1,2,1,0,0,1,0,0,0,0
1FVRA,8,0,0,1,0,0,1,0,0,0,1,0,0,1,0,0,0,0,0,0,1,0,0,0
1FVRA,9,0,0,0,0,0,0,0,0,1,1,0,0,0,0,0,1,0,1,0,0,0,0,0
1FVRA,10,0,0,1,1,1,0,0,0,0,1,0,0,0,0,0,1,0,1,0,0,0,0,0
1FVRA,11,0,1,1,0,0,1,1,3,0,0,0,0,0,0,0,0,0,0,0,0,0,0,0
1FVRA,12,0,0,0,0,1,0,0,1,1,1,0,0,0,0,0,0,0,1,0,1,0,0,0
1FVRA,13,0,0,1,0,0,1,0,0,0,0,0,0,0,0,0,2,0,0,0,0,0,0,0
1FVRA,14,0,1,0,1,0,0,0,0,0,1,0,0,0,1,0,0,0,1,0,0,0,0,0
1FXXA,1,1,1,1,1,0,1,1,1,0,2,1,1,3,1,0,0,1,3,0,2,0,0,0
1FXXA,2,1,2,1,2,0,0,1,1,0,2,0,0,1,1,0,1,0,1,0,2,0,0,0
1FXXA,3,1,0,0,0,0,1,0,0,0,2,1,0,0,0,0,0,1,0,2,0,0,0,0
1FXXA,4,2,1,1,2,0,0,0,2,1,2,0,0,0,1,0,0,1,0,0,0,0,0,0
1FXXA,5,0,2,1,3,0,0,0,1,0,2,2,1,0,0,1,1,0,0,3,2,0,0,0
1FXXA,6,0,3,2,3,0,0,0,0,0,1,1,0,0,0,0,0,0,0,2,1,0,0,0
1FXXA,7,1,3,2,0,1,0,0,0,0,0,1,0,0,2,0,0,0,0,0,0,0,0,0
1FXXA,8,1,1,0,0,0,0,2,1,1,1,0,0,0,0,0,0,0,0,0,0,0,0,0
1FXXA,9,0,1,0,0,1,0,0,0,0,1,0,0,0,1,0,0,1,0,1,1,0,0,0
1FXXA,10,2,0,1,0,0,0,1,0,0,1,0,0,0,1,1,0,0,0,0,1,0,0,0
1FXXA,11,0,2,3,1,0,0,0,0,0,1,0,0,0,0,0,0,0,1,0,0,0,0,0
1FXXA,12,0,0,1,0,0,0,0,0,0,0,1,0,0,0,0,1,0,0,0,1,0,0,0
1FXXA,13,0,1,0,0,0,1,0,0,0,0,0,1,0,1,0,0,0,0,0,0,0,0,0
1FXXA,14,0,1,0,2,0,0,1,0,0,0,2,0,4,0,3,2,0,0,0,0,0,0,0
1FXXA,15,1,0,1,3,0,0,1,1,1,0,0,0,1,0,0,2,0,2,0,1,0,0,0
1FXXA,16,0,0,0,2,0,1,1,0,0,1,0,0,1,1,0,0,0,2,1,0,0,0,0
1FXXA,17,2,1,0,0,0,0,0,0,0,3,2,1,0,0,0,1,0,1,2,0,0,0,0
1FXXA,18,1,0,0,0,0,0,1,0,1,0,0,0,0,0,1,0,0,1,0,1,0,0,0
1FXXA,19,0,1,0,1,0,0,1,0,0,0,0,0,0,0,0,0,0,1,0,0,0,0,0
1FXXA,20,0,3,4,0,0,0,0,0,1,0,1,0,0,0,2,0,1,1,0,0,0,0,0
1FXXA,21,0,2,0,0,0,0,1,0,0,0,1,0,0,0,0,0,0,0,1,0,0,0,0
1FXXA,22,0,0,0,0,0,0,1,0,0,1,0,0,0,1,1,0,0,0,0,0,0,0,0
1FXXA,23,1,0,0,1,0,0,1,0,0,2,1,0,0,0,0,0,0,0,0,0,0,0,0
1FXXA,24,0,2,0,0,0,1,0,0,0,1,0,0,0,0,0,0,0,1,0,0,0,0,0
1FXXA,25,0,2,0,0,0,0,2,0,1,2,0,0,1,0,0,0,0,0,1,0,0,0,0
1FXXA,26,2,0,0,0,0,1,0,0,0,2,1,0,0,0,0,0,0,0,0,0,0,0,0
1FXXA,27,0,1,3,0,0,0,1,0,0,0,1,0,1,0,0,0,1,2,0,1,0,0,0
1FXXA,28,0,0,0,0,0,0,0,0,0,0,0,1,0,0,0,0,1,0,0,0,0,0,0
1G24D,1,2,3,1,1,0,0,1,0,1,0,0,0,1,0,2,1,0,3,0,0,0,0,0
1G24D,2,2,2,0,0,0,2,0,2,0,0,0,0,2,0,2,2,0,1,0,0,0,0,0
1G24D,3,0,0,0,0,0,1,2,0,0,0,0,0,1,0,0,0,1,0,0,0,0,0,0
1G24D,4,0,0,0,0,0,0,0,2,0,1,2,2,0,1,2,1,0,0,0,0,0,0,0
1G24D,5,0,0,1,0,0,0,1,0,1,1,1,0,0,1,1,0,0,0,0,0,0,0,0
1G24D,6,1,0,0,0,0,1,0,0,0,0,0,0,1,0,0,0,0,0,0,0,0,0,0
1G24D,7,0,0,0,0,0,1,1,1,0,0,1,0,0,0,1,0,0,0,0,0,0,0,0
1G24D,8,1,1,1,1,0,0,1,0,1,0,1,0,0,0,0,0,0,0,0,0,0,0,0
1G24D,9,0,0,0,0,0,0,0,0,0,0,1,0,0,0,0,1,0,0,0,0,0,0,0
1G24D,10,0,0,0,0,0,0,0,1,0,1,1,0,0,0,0,0,0,1,0,0,0,0,0
1G4EB,1,1,1,0,0,1,1,1,1,0,1,1,0,0,0,0,0,0,0,1,2,0,0,0
1G4EB,2,2,0,0,0,0,1,1,0,0,1,2,0,0,0,0,0,0,0,1,0,0,0,0
1G4EB,3,2,0,0,0,0,2,1,1,1,0,0,0,0,0,0,0,0,0,1,0,0,0,0
1G4EB,4,1,1,0,0,0,1,0,1,2,0,0,0,0,0,1,0,0,1,1,1,0,0,0
1G4EB,5,2,0,0,0,0,1,1,0,0,0,2,0,0,0,1,2,0,0,1,0,0,0,0
1G4EB,6,1,3,0,1,0,0,1,0,2,0,0,0,0,1,0,0,0,0,0,0,0,0,0
1G4EB,7,2,2,0,2,0,0,0,2,2,1,1,1,0,0,0,0,0,0,0,1,0,0,0
1G4EB,8,2,0,0,0,0,0,1,2,0,2,0,0,0,0,0,1,0,0,1,1,0,0,0
1G4EB,9,0,0,0,0,0,0,0,2,3,0,0,1,0,1,2,1,0,0,0,0,0,0,0
1H09A,1,1,1,1,1,0,2,1,1,1,0,2,0,1,2,1,0,0,1,1,0,0,0,0
1H09A,2,0,0,0,3,0,1,0,0,0,0,0,0,1,0,1,0,1,4,0,0,0,0,0
1H09A,3,0,0,0,0,0,0,1,1,0,1,0,0,0,0,0,3,0,0,0,0,0,0,0
1H09A,4,0,0,0,0,0,0,2,0,0,0,0,1,0,0,2,0,1,1,0,0,0,0,0
1H09A,5,1,0,0,1,0,1,0,0,0,0,0,1,0,0,0,0,0,1,0,0,0,0,0
1H09A,6,0,0,0,1,0,1,0,0,0,0,1,0,0,0,1,1,0,1,1,1,0,0,0
1H09A,7,0,1,1,0,0,0,2,0,0,0,2,1,0,0,0,1,1,0,0,0,0,0,0
1H09A,8,0,0,0,2,0,0,0,0,0,0,0,1,0,0,0,0,2,1,0,0,0,0,0
1H09A,9,1,0,1,0,0,0,0,2,2,1,0,0,0,0,0,1,0,1,0,0,0,0,0
1H09A,10,0,0,0,1,0,0,0,0,1,0,1,0,0,1,0,0,0,0,2,0,0,0,0
1H09A,11,0,0,2,0,0,0,1,0,0,1,3,0,0,0,0,0,1,1,0,0,0,0,0
1H09A,12,0,0,0,0,0,0,0,0,1,2,1,0,2,0,0,0,0,1,1,0,0,0,0
1H09A,13,1,0,1,1,0,0,1,1,0,0,1,0,0,1,0,1,1,0,0,0,0,0,0
1H09A,14,0,0,0,0,0,0,0,1,0,0,1,0,1,0,0,0,1,0,0,0,0,0,0
1H09A,15,1,0,1,2,0,0,0,2,0,0,3,1,0,0,0,1,1,1,1,0,0,0,0
1H09A,16,0,0,0,1,0,0,0,0,0,0,1,0,0,0,1,0,0,1,1,0,0,0,0
1H09A,17,0,0,1,0,0,0,0,0,0,0,0,0,1,1,2,0,0,0,0,1,0,0,0
1H09A,18,0,0,1,0,0,0,1,0,0,0,1,0,0,0,0,0,1,2,0,0,0,0,0
1HAGE,1,0,0,1,0,2,0,1,1,0,2,1,0,0,0,2,0,2,1,0,1,0,0,0
1HAGE,2,1,1,0,1,1,1,1,0,2,1,0,1,1,0,0,0,0,0,1,1,0,0,0
1HAGE,3,0,1,0,0,0,0,0,0,0,0,2,0,1,0,0,0,0,0,0,1,0,0,0
1HAGE,4,0,0,0,0,0,0,2,2,1,1,1,1,0,0,1,0,0,1,0,1,0,0,0
1HAGE,5,0,1,2,1,0,0,2,0,0,2,1,0,1,0,0,0,1,0,0,0,0,0,0
1HAGE,6,1,1,0,0,2,0,1,2,0,1,1,0,0,0,0,0,0,1,1,0,0,0,0
1HAGE,7,0,0,1,0,0,0,2,0,0,2,1,0,1,0,1,0,0,0,0,0,0,0,0
1HAGE,8,0,1,0,1,0,0,1,0,1,0,0,0,0,0,1,1,0,0,0,0,0,0,0
1HAGE,9,0,0,1,0,0,0,2,0,1,0,0,0,0,0,0,0,1,1,0,0,0,0,0
1HAGE,10,1,0,0,0,0,0,1,2,2,0,0,0,0,1,0,0,0,0,1,0,0,0,0
1HAGE,11,2,1,0,0,0,0,0,0,0,1,0,0,0,0,0,0,0,0,0,1,0,0,0
1HAGE,12,0,2,0,0,0,0,0,0,0,0,0,0,0,0,0,0,0,1,0,0,0,0,0
1HAGE,13,1,0,0,0,0,0,0,0,1,0,2,0,0,1,0,0,0,0,1,0,0,0,0
1HAGE,14,0,1,0,0,0,1,1,0,0,1,0,0,1,0,0,0,0,0,0,0,0,0,0
1HKAA,1,1,0,1,0,0,0,1,1,1,2,0,0,0,1,0,0,0,0,2,0,0,0,0
1HKAA,2,0,1,0,0,0,0,0,0,0,1,0,0,2,0,0,0,1,0,0,1,0,0,0
1HKAA,3,0,0,0,0,0,0,1,0,0,1,2,0,1,0,0,0,1,0,0,0,0,0,0
1HKAA,4,2,1,1,1,0,0,0,1,1,0,0,1,1,0,0,0,0,1,0,0,0,0,0
1HKAA,5,0,0,0,0,0,0,0,0,0,1,1,0,0,0,2,0,1,0,0,0,0,0,0
1HKAA,6,0,0,0,0,0,0,0,0,0,0,0,0,1,1,0,1,0,1,0,0,0,0,0
1HKAA,7,0,0,0,0,0,1,1,0,0,1,0,0,0,0,0,0,0,0,0,0,0,0,0
1HKAA,8,0,0,1,1,0,0,0,0,0,0,1,1,0,1,0,0,0,1,0,1,0,0,0
1HOOB,1,3,2,1,1,0,1,2,4,0,1,2,0,0,1,0,1,1,1,2,0,0,0,0
1HOOB,2,0,0,1,2,0,1,0,4,0,0,2,0,1,0,1,1,0,0,1,0,0,0,0
1HOOB,3,0,2,0,0,0,1,0,0,0,0,0,0,0,0,0,3,0,0,1,0,0,0,0
1HOOB,4,0,1,0,1,0,0,0,1,0,1,0,0,0,2,0,2,0,2,0,1,0,0,0
1HOOB,5,1,0,0,2,0,0,0,0,1,1,1,0,0,1,1,1,0,0,3,0,0,0,0
1HOOB,6,2,0,1,1,0,0,0,1,0,1,0,0,0,1,1,0,0,0,2,0,0,0,0
1HOOB,7,0,0,0,0,0,0,2,0,0,0,0,0,1,0,0,0,0,1,0,0,0,0,0
1HOOB,8,2,1,0,0,0,0,1,2,1,0,1,0,0,1,0,0,0,0,1,1,0,0,0
1HOOB,9,0,2,0,1,1,0,2,0,0,1,0,0,1,0,0,0,0,0,0,0,0,0,0
1HOOB,10,0,0,2,0,0,1,0,3,1,0,1,0,0,0,2,2,0,2,1,1,0,0,0
1HOOB,11,0,2,0,0,0,0,1,1,0,0,1,0,0,0,0,0,0,0,1,0,0,0,0
1HOOB,12,0,1,1,0,0,1,1,0,2,1,1,0,0,0,0,0,0,0,0,0,0,0,0
1HOOB,13,0,2,0,0,0,0,1,0,1,2,0,0,0,0,0,1,0,0,0,0,0,0,0
1HOOB,14,1,1,0,1,0,0,1,0,0,0,0,0,0,0,3,0,0,0,2,0,0,0,0
1HOOB,15,2,0,1,2,0,0,0,0,0,0,0,0,0,0,0,0,0,0,2,0,0,0,0
1HOOB,16,3,0,1,0,0,0,1,0,0,1,1,0,0,0,0,0,0,0,0,0,0,0,0
1HOOB,17,0,1,0,1,0,1,0,1,1,0,0,0,0,0,1,1,0,0,1,0,0,0,0
1HOOB,18,0,0,0,0,0,0,1,1,1,0,0,0,0,0,0,0,0,1,1,0,0,0,0
1HOOB,19,2,2,0,2,0,0,0,1,0,2,2,0,0,1,0,0,0,0,0,1,0,0,0
1IMFA,1,0,0,1,0,0,0,2,1,0,1,0,2,0,0,0,1,0,1,1,0,0,0,0
1IMFA,2,0,1,0,0,0,0,1,1,1,1,0,1,1,0,0,0,0,0,0,1,0,0,0
1IMFA,3,0,0,0,0,0,0,1,0,2,0,1,0,1,0,3,1,0,0,1,0,0,0,0
1IMFA,4,0,0,0,0,0,0,0,0,2,0,1,0,1,0,0,0,0,0,0,1,0,0,0
1IMFA,5,1,1,1,1,0,0,0,0,1,1,0,0,1,0,0,0,0,0,1,0,0,0,0
1IMFA,6,1,2,0,2,0,0,2,3,2,2,0,1,0,0,2,3,0,0,1,1,0,0,0
1IMFA,7,1,0,0,0,0,0,0,1,2,1,2,0,1,0,0,1,0,0,1,0,0,0,0
1IMFA,8,0,0,0,1,0,1,2,0,0,0,0,0,0,0,0,1,0,0,1,0,0,0,0
1K3FB,1,0,0,0,1,0,1,1,0,0,0,0,0,1,1,1,2,0,1,1,0,0,0,0
1K3FB,2,1,0,0,1,0,0,0,2,0,0,0,0,0,0,0,2,0,0,1,1,0,0,0
1K3FB,3,1,0,0,0,0,0,0,1,0,0,0,0,1,1,1,0,0,0,0,1,0,0,0
1K3FB,4,1,0,0,0,0,0,0,1,0,1,1,0,0,1,0,1,0,0,0,0,0,0,0
1K3FB,5,0,2,0,1,0,0,1,2,1,0,0,1,1,0,0,1,0,1,0,0,0,0,0
1K3FB,6,1,1,0,0,1,1,0,1,1,0,0,0,1,0,0,0,0,0,0,0,0,0,0
1K3FB,7,0,0,0,0,0,0,0,0,0,0,0,0,1,0,0,3,0,0,1,0,0,0,0
1K3FB,8,1,0,0,0,0,0,2,0,0,0,0,0,0,0,0,0,0,0,0,0,0,0,0
1K3FB,9,0,0,0,0,0,0,1,0,0,0,1,0,0,0,1,0,1,0,0,1,0,0,0
1K5HC,1,0,0,2,1,0,1,2,2,1,0,1,1,0,1,3,2,0,0,0,2,0,0,0
1K5HC,2,3,0,0,0,0,1,2,0,0,3,0,2,0,0,0,0,0,0,0,0,0,0,0
1K5HC,3,1,1,0,2,1,1,0,0,0,3,0,0,0,0,1,0,0,0,1,0,0,0,0
1K5HC,4,0,0,0,2,1,0,0,0,0,0,0,1,0,0,2,0,0,0,0,0,0,0,0
1K5HC,5,1,1,0,1,0,0,0,0,0,2,0,0,1,1,0,2,0,0,0,0,0,0,0
1K5HC,6,1,0,1,0,0,1,0,1,0,2,2,0,0,0,0,0,0,0,1,1,0,0,0
1K5HC,7,0,1,0,1,0,1,1,0,0,0,0,1,0,0,1,0,0,0,0,0,0,0,0
1K5HC,8,1,1,1,1,0,1,0,0,0,1,0,0,0,0,1,0,1,0,0,0,0,0,0
1K5HC,9,1,0,0,0,0,1,0,0,1,0,0,1,1,1,0,2,0,0,0,0,0,0,0
1K5HC,10,2,2,0,1,0,0,0,0,1,0,0,0,1,2,0,1,0,0,0,0,0,0,0
1K5HC,11,0,2,0,0,0,0,1,0,0,0,0,0,1,1,0,0,0,0,2,0,0,0,0
1K5HC,12,0,0,1,0,0,1,0,1,0,0,0,0,0,0,0,0,0,1,0,0,0,0,0
1K5HC,13,2,0,0,0,0,0,1,0,0,0,0,1,0,1,0,0,0,2,1,0,0,0,0
1K5HC,14,2,0,0,1,0,1,0,3,1,0,0,1,0,0,0,0,0,0,2,0,0,0,0
1K5HC,15,0,1,0,0,0,2,1,1,0,0,0,0,1,0,0,0,1,0,0,0,0,0,0
1K5HC,16,1,0,0,1,0,0,2,0,1,0,1,0,0,0,1,0,0,0,1,0,0,0,0
1K5HC,17,2,0,2,2,0,0,4,1,1,3,2,1,0,0,0,1,0,0,2,0,0,0,0
1K5HC,18,1,1,0,0,0,0,0,0,0,0,0,0,0,1,1,0,0,0,0,1,0,0,0
1K5HC,19,3,1,0,0,0,1,0,0,1,0,0,0,0,0,0,0,0,0,1,0,0,0,0
1K5HC,20,0,0,0,0,0,1,1,0,0,0,0,0,0,0,1,0,0,0,2,0,0,0,0
1K5HC,21,0,2,0,0,1,1,2,0,0,1,0,0,0,0,0,0,0,0,0,0,0,0,0
1K5HC,22,0,0,0,0,1,0,0,1,0,0,0,1,0,0,2,1,0,0,0,0,0,0,0
1K5HC,23,1,1,1,0,0,0,0,0,0,0,1,1,1,0,0,0,0,0,0,1,0,0,0
1K5HC,24,1,0,0,0,0,0,0,1,1,0,0,1,0,0,1,0,0,0,1,0,0,0,0
1KS9A,1,2,2,1,0,2,3,1,2,1,4,1,0,0,0,1,2,0,1,0,2,0,0,0
1KS9A,2,0,0,1,0,0,0,0,1,1,1,0,0,0,1,0,1,0,0,0,0,0,0,0
1KS9A,3,2,1,0,0,0,0,0,0,1,1,0,0,0,0,0,1,1,0,0,1,0,0,0
1KS9A,4,0,0,2,0,0,0,0,0,0,2,1,0,0,0,0,1,0,0,0,1,0,0,0
1KS9A,5,1,1,1,0,0,3,1,1,1,0,0,0,0,1,0,0,0,0,0,0,0,0,0
1KS9A,6,0,0,1,0,0,1,2,0,1,1,1,0,0,0,0,0,0,0,0,0,0,0,0
1KS9A,7,1,1,1,0,0,0,0,0,0,3,0,0,0,1,0,0,1,0,0,0,0,0,0
1KS9A,8,3,3,0,0,0,1,0,0,0,0,1,0,0,0,0,0,0,0,1,0,0,0,0
1KS9A,9,1,0,0,0,0,1,0,0,0,0,0,0,0,2,0,0,0,0,0,0,0,0,0
1KS9A,10,0,1,1,0,0,0,0,0,0,0,1,0,0,0,0,0,0,1,1,0,0,0,0
1MY1C,1,0,0,0,0,0,0,2,1,0,3,0,1,0,1,1,3,0,3,0,0,0,0,0
1MY1C,2,2,3,0,0,0,0,2,2,0,0,1,0,0,0,2,1,1,0,1,0,0,0,0
1MY1C,3,0,2,0,0,0,0,0,0,1,0,2,1,0,0,1,0,1,1,0,0,0,0,0
1MY1C,4,0,0,1,1,0,0,1,2,0,0,0,0,0,0,0,0,1,1,0,0,0,0,0
1MY1C,5,0,1,0,0,0,0,1,1,2,2,0,0,0,0,0,2,0,0,0,0,0,0,0
1MY1C,6,1,0,1,0,0,0,1,2,2,0,0,0,1,0,1,0,0,0,1,0,0,0,0
1MY1C,7,0,0,2,1,0,0,0,1,1,0,0,0,1,0,2,1,0,0,1,0,0,0,0
1MY1C,8,0,0,0,0,0,0,0,1,0,1,2,0,1,1,2,0,0,0,1,0,0,0,0
1MY1C,9,2,1,0,0,0,0,1,0,0,1,0,1,0,0,1,1,0,0,1,0,0,0,0
1MY1C,10,1,0,1,1,0,0,2,0,0,0,2,0,0,0,0,0,1,1,1,0,0,0,0
1MY1C,11,0,0,1,1,0,0,0,0,0,1,1,1,1,1,1,0,0,0,0,0,0,0,0
1MY1C,12,0,0,0,0,0,0,0,1,0,0,1,0,1,0,0,1,0,0,0,0,0,0,0
1MY1C,13,2,0,1,0,0,0,0,0,0,1,1,0,0,0,0,0,0,0,0,1,0,0,0
1NEPA,1,0,0,1,2,0,0,0,0,0,0,1,0,0,0,3,1,0,0,0,0,0,0,0
1NEPA,2,0,0,0,0,0,2,0,0,1,0,2,0,1,1,0,0,0,0,1,0,0,0,0
1NEPA,3,0,0,0,0,0,0,0,0,0,0,1,0,1,3,0,0,0,1,2,0,0,0,0
1NEPA,4,0,0,1,0,0,1,0,0,0,0,0,0,0,0,0,0,1,0,0,0,0,0,0
1NEPA,5,0,0,0,0,0,0,0,0,2,0,0,0,0,0,0,0,2,1,3,0,0,0,0
1NEPA,6,0,0,0,0,0,0,0,0,2,0,1,1,0,0,0,0,0,0,1,0,0,0,0
1NEPA,7,0,0,0,0,1,0,0,0,0,0,0,0,0,2,0,1,0,0,0,0,0,0,0
1NI6D,1,0,1,1,1,0,0,0,1,0,3,0,2,6,0,1,0,0,0,1,0,0,0,0
1NI6D,2,0,0,0,0,0,0,4,0,1,1,1,0,2,1,0,0,0,2,2,1,0,0,0
1NI6D,3,3,2,0,0,0,1,1,0,1,0,0,0,0,0,0,0,0,0,0,0,0,0,0
1NI6D,4,1,1,1,1,0,0,0,1,0,0,0,0,2,0,0,1,0,1,0,1,0,0,0
1NI6D,5,0,0,1,0,0,2,0,0,0,1,0,0,1,0,0,1,0,0,1,0,0,0,0
1NI6D,6,2,1,1,0,0,0,0,0,0,0,0,0,0,1,0,1,0,0,0,1,0,0,0
1NI6D,7,0,0,0,1,0,0,0,0,0,3,1,0,0,0,0,0,0,0,0,0,0,0,0
1NI6D,8,0,0,0,0,0,0,2,0,0,1,0,1,0,0,0,1,0,0,1,0,0,0,0
1NI6D,9,1,0,0,0,0,2,1,0,1,0,0,0,0,0,0,0,0,0,0,0,0,0,0
1NI6D,10,1,0,0,0,0,2,1,2,0,2,1,0,0,0,1,0,0,0,0,0,0,0,0
1NI6D,11,0,1,1,1,0,0,2,1,0,2,3,0,1,0,2,2,0,1,0,1,0,0,0
1NI6D,12,1,1,0,0,0,1,2,0,0,0,0,0,0,1,0,0,0,0,0,0,0,0,0
1NI6D,13,1,0,0,0,0,1,0,0,1,1,0,0,2,0,0,1,0,0,0,0,0,0,0
1NUWA,1,0,1,0,3,0,0,0,2,0,1,1,1,1,0,2,0,0,2,0,0,0,0,0
1NUWA,2,0,0,1,0,0,0,0,0,1,0,0,1,1,1,0,0,0,2,0,0,0,0,0
1NUWA,3,0,0,1,0,0,0,0,1,0,0,3,0,0,1,1,0,0,2,0,0,0,0,0
1NUWA,4,0,0,1,0,1,0,1,1,0,1,1,0,0,0,0,2,0,0,0,0,0,0,0
1NUWA,5,0,1,0,1,0,0,0,0,0,0,2,0,0,2,1,0,0,1,0,0,0,0,0
1NUWA,6,0,3,0,0,0,0,0,1,2,2,0,0,0,0,1,0,0,2,2,0,0,0,0
1NUWA,7,0,0,0,0,0,0,2,0,0,0,0,0,0,1,0,1,0,0,0,0,0,0,0
1NUWA,8,0,1,0,0,0,0,1,0,0,0,1,0,0,0,0,0,0,1,0,0,0,0,0
1NUWA,9,2,3,0,0,0,0,0,1,0,1,0,2,0,0,2,0,0,1,2,1,0,0,0
1NUWA,10,1,7,0,0,0,0,0,1,0,1,2,1,0,1,2,2,0,0,0,0,0,0,0
1NUWA,11,1,0,0,1,0,0,0,0,0,0,0,0,0,1,0,0,0,1,0,1,0,0,0
1NUWA,12,2,0,0,0,0,0,2,0,0,2,1,0,0,0,0,1,0,0,0,0,0,0,0
1NUWA,13,0,0,0,1,0,1,0,0,0,0,1,0,0,0,0,1,0,0,0,1,0,0,0
1NUWA,14,1,0,0,0,0,1,1,0,1,0,1,0,1,0,0,1,0,0,0,0,0,0,0
1NUWA,15,0,0,0,0,0,1,0,1,0,1,1,0,0,0,0,0,0,1,0,0,0,0,0
1NUWA,16,0,0,0,1,0,0,0,0,0,1,1,0,0,0,0,0,0,0,1,1,0,0,0
1NUWA,17,0,2,0,0,0,0,1,0,0,1,0,1,0,0,0,0,0,1,2,0,0,0,0
1NUWA,18,0,0,0,1,0,0,0,0,1,1,0,1,0,1,0,0,0,0,0,0,0,0,0
1OK8A,1,0,1,0,0,0,1,0,2,0,2,0,0,2,1,0,1,0,1,0,2,0,0,0
1OK8A,2,0,0,2,2,0,0,1,1,4,0,1,0,0,1,1,1,0,0,4,0,0,0,0
1OK8A,3,0,0,1,1,0,0,0,0,0,1,0,0,0,0,1,0,1,1,0,0,0,0,0
1OK8A,4,1,1,0,0,0,0,1,0,0,0,1,0,0,0,0,0,0,0,1,0,0,0,0
1OK8A,5,0,0,0,0,1,0,0,1,0,0,0,1,1,0,1,1,1,0,0,0,0,0,0
1OK8A,6,2,0,0,0,0,0,0,1,0,2,0,1,0,0,0,0,1,0,1,1,0,0,0
1OK8A,7,0,1,0,0,0,0,0,2,0,0,0,1,0,0,0,2,1,0,0,0,0,0,0
1OK8A,8,0,0,0,0,0,0,1,1,1,0,1,0,1,1,0,1,1,0,0,0,0,0,0
1OK8A,9,0,0,0,0,0,0,0,3,0,0,0,0,0,0,1,0,0,0,1,0,0,0,0
1OK8A,10,0,0,1,0,0,0,1,0,1,1,1,0,0,0,0,0,0,0,0,0,0,0,0
1OK8A,11,0,0,0,0,1,0,1,0,0,0,0,0,1,0,0,1,0,0,1,0,0,0,0
1OK8A,12,0,1,0,2,0,0,0,0,0,0,0,0,1,0,0,0,1,0,1,0,0,0,0
1OK8A,13,0,0,0,0,1,0,1,3,0,0,1,0,0,1,0,1,0,0,0,0,0,0,0
1OK8A,14,0,0,1,0,0,0,1,1,0,0,0,0,0,0,0,1,0,0,1,3,0,0,0
1OK8A,15,0,1,0,1,1,0,1,0,0,0,1,0,0,0,2,0,0,0,0,0,0,0,0
1OK8A,16,0,0,0,0,0,0,2,1,1,0,0,1,1,1,0,0,0,0,1,1,0,0,0
1OK8A,17,0,1,0,0,0,0,0,1,1,0,0,0,0,1,2,1,0,0,2,0,0,0,0
1OK8A,18,1,0,0,0,0,1,0,0,0,2,0,1,0,1,0,0,0,0,0,0,0,0,0
1OK8A,19,0,1,0,0,0,0,1,1,0,0,0,0,0,1,1,0,0,0,1,1,0,0,0
1PKLB,1,1,2,1,1,1,0,0,1,0,0,2,0,0,1,0,1,0,0,0,0,0,0,0
1PKLB,2,3,0,1,0,1,2,1,2,1,0,1,0,0,2,0,0,0,1,0,0,0,0,0
1PKLB,3,0,1,2,2,1,1,3,1,1,1,0,0,1,1,0,0,0,0,3,1,0,0,0
1PKLB,4,1,1,1,2,0,2,0,2,0,0,1,0,0,0,1,0,0,0,3,0,0,0,0
1PKLB,5,3,1,0,0,0,1,1,0,0,1,0,0,0,0,0,0,0,0,1,0,0,0,0
1PKLB,6,0,0,0,1,0,0,1,0,1,0,1,0,0,0,0,0,0,0,1,0,0,0,0
1PKLB,7,1,0,0,0,0,0,0,0,0,0,1,0,0,0,0,0,0,2,0,0,0,0,0
1PKLB,8,1,2,0,1,0,0,0,1,0,0,1,1,0,1,0,0,0,0,0,0,0,0,0
1PKLB,9,0,0,0,0,0,0,0,1,0,1,2,0,0,2,1,0,0,0,0,0,0,0,0
1PKLB,10,2,1,0,0,0,0,1,0,1,0,0,0,1,0,0,0,0,0,1,0,0,0,0
1PKLB,11,1,1,0,1,0,0,1,0,0,0,1,1,0,0,0,1,0,0,1,0,0,0,0
1PKLB,12,1,1,1,1,1,1,0,0,1,1,1,0,0,0,1,0,0,0,3,0,0,0,0
1PKLB,13,0,0,2,0,0,0,0,0,1,0,0,0,1,0,2,0,0,0,2,0,0,0,0
1PKLB,14,2,0,0,1,0,0,0,0,1,1,0,0,0,0,1,0,0,0,2,0,0,0,0
1PKLB,15,1,3,3,0,1,1,1,2,1,1,1,1,1,0,2,0,0,2,2,0,0,0,0
1PKLB,16,1,0,0,1,0,0,1,0,1,0,0,0,0,1,2,0,0,0,0,0,0,0,0
1PKLB,17,1,1,0,2,0,2,1,0,0,1,0,0,0,0,1,0,0,0,1,0,0,0,0
1PKLB,18,2,2,1,0,0,0,0,0,0,0,0,0,0,0,0,0,0,0,2,0,0,0,0
1PKLB,19,0,3,0,2,0,1,0,0,1,0,0,1,0,0,0,2,0,0,0,0,0,0,0
1PKLB,20,0,0,0,0,0,1,0,1,0,0,2,0,0,0,0,1,0,1,1,0,0,0,0
1PKLB,21,0,0,0,0,0,0,0,0,0,0,1,0,0,0,1,0,0,0,1,1,0,0,0
1PKLB,22,1,0,1,0,0,1,0,0,0,1,0,0,2,0,0,0,0,0,1,0,0,0,0
1PKLB,23,0,0,0,1,0,0,1,0,0,0,1,0,0,0,0,0,0,1,0,0,0,0,0
1PKLB,24,0,0,0,0,0,0,1,2,2,0,0,0,0,1,0,0,0,1,1,0,0,0,0
1PKLB,25,1,1,0,0,0,0,2,0,1,2,1,0,0,0,0,0,0,0,3,0,0,0,0
1PKLB,26,0,1,1,1,0,0,1,0,0,0,1,0,1,0,2,1,0,0,0,0,0,0,0
1PKLB,27,1,0,0,0,0,1,0,0,1,0,1,0,0,0,0,0,0,0,2,1,0,0,0
1PZTA,1,0,3,1,1,0,0,1,0,0,0,0,0,2,1,0,0,0,0,1,0,0,0,0
1PZTA,2,0,0,0,0,1,2,2,0,0,1,0,0,0,2,2,1,0,0,0,2,0,0,0
1PZTA,3,0,0,0,0,0,1,0,0,2,1,0,1,0,1,0,0,0,2,0,0,0,0,0
1PZTA,4,0,1,2,0,0,2,1,1,0,0,0,0,1,0,0,0,0,0,0,0,0,0,0
1PZTA,5,0,0,1,0,0,0,0,0,0,0,0,2,0,1,0,0,0,0,1,0,0,0,0
1PZTA,6,0,0,0,2,0,1,1,1,0,0,0,0,1,2,0,0,0,2,0,0,0,0,0
1PZTA,7,0,1,0,0,0,0,0,0,0,0,1,1,1,0,0,0,0,0,0,0,0,0,0
1PZTA,8,1,0,0,1,0,0,1,1,1,0,0,0,0,0,1,0,0,0,0,0,0,0,0
1PZTA,9,0,1,1,0,0,0,0,0,0,0,0,0,0,0,0,0,0,1,0,0,0,0,0
1PZTA,10,1,1,1,0,0,0,0,0,0,0,0,0,1,0,0,0,0,1,0,0,0,0,0
1PZTA,11,2,0,0,0,0,0,0,0,0,0,0,0,1,0,0,0,0,0,1,0,0,0,0
1QLWB,1,2,1,0,2,0,0,0,2,0,1,0,1,0,1,2,1,1,0,1,0,0,0,0
1QLWB,2,0,1,0,1,0,2,2,0,0,1,0,0,0,0,0,1,0,0,1,0,0,0,0
1QLWB,3,0,2,1,0,0,0,0,1,0,1,0,1,0,0,0,2,0,0,0,0,0,0,0
1QLWB,4,1,0,0,1,1,1,1,0,1,0,1,0,1,2,0,0,0,0,0,0,0,0,0
1QLWB,5,0,2,0,1,0,0,0,1,0,0,0,1,0,0,0,1,0,1,1,0,0,0,0
1QLWB,6,0,0,0,0,0,2,1,0,0,0,0,1,0,1,0,2,0,0,0,0,0,0,0
1QLWB,7,0,0,0,1,0,0,2,1,1,1,0,0,0,0,1,0,0,0,0,1,0,0,0
1QLWB,8,1,1,0,0,0,0,0,2,0,0,0,0,0,1,1,1,0,0,1,0,0,0,0
1QLWB,9,2,0,0,0,0,0,0,1,0,0,0,1,0,0,0,0,1,0,1,1,0,0,0
1QLWB,10,1,0,0,1,0,0,0,0,1,1,0,0,0,0,0,1,0,0,1,0,0,0,0
1QLWB,11,3,0,0,1,0,0,1,0,0,0,1,0,0,0,2,1,0,0,0,0,0,0,0
1QLWB,12,0,0,0,2,0,0,0,1,0,1,2,0,0,0,0,0,0,0,0,0,0,0,0
1QLWB,13,0,0,1,0,0,2,0,0,1,1,0,0,0,1,0,1,0,1,0,0,0,0,0
1QLWB,14,0,2,0,0,0,1,0,1,1,1,0,0,1,0,1,0,0,0,0,0,0,0,0
1R1WA,1,3,1,1,1,0,0,0,1,1,2,1,3,0,1,0,0,0,1,0,0,0,0,0
1R1WA,2,0,1,0,1,0,0,0,0,1,2,1,0,0,1,0,0,1,2,1,0,0,0,0
1R1WA,3,0,0,0,0,0,1,1,0,1,0,0,1,3,0,0,1,0,0,0,0,0,0,0
1R1WA,4,0,0,1,1,0,1,0,1,0,0,1,0,3,1,0,0,0,0,0,2,0,0,0
1R1WA,5,1,2,1,1,0,0,1,0,0,0,1,0,0,3,0,0,1,1,0,0,0,0,0
1R1WA,6,0,0,0,0,1,0,2,0,0,0,0,0,1,1,0,0,0,1,1,1,0,0,0
1R1WA,7,1,2,0,0,0,0,1,0,0,0,0,0,0,0,0,1,0,1,2,0,0,0,0
1R1WA,8,0,0,1,0,0,0,1,0,0,0,0,1,0,1,0,1,0,1,0,1,0,0,0
1R1WA,9,0,2,0,0,0,0,1,0,0,0,0,0,0,0,0,0,0,0,0,1,0,0,0
1R1WA,10,1,0,0,0,0,0,0,0,0,0,2,0,1,0,2,1,0,0,0,0,0,0,0
1R1WA,11,0,0,0,0,0,0,0,0,0,0,2,0,1,0,0,0,0,0,0,1,0,0,0
1R1WA,12,1,1,0,0,0,0,1,0,0,0,1,0,0,1,0,0,0,0,1,0,0,0,0
1RDWX,1,0,4,1,4,1,2,2,6,1,2,3,1,0,2,1,2,0,3,2,1,0,0,0
1RDWX,2,0,3,0,1,0,0,1,0,0,0,0,0,0,0,0,1,0,0,0,0,0,0,0
1RDWX,3,1,0,2,0,0,1,1,1,0,0,0,1,0,0,0,1,0,0,0,0,0,0,0
1RDWX,4,0,1,0,0,0,1,2,0,0,0,0,1,1,1,2,0,0,0,0,1,0,0,0
1RDWX,5,1,1,0,0,0,0,0,0,1,1,1,1,0,1,0,0,0,2,0,0,0,0,0
1RDWX,6,0,1,0,2,0,0,1,1,1,1,1,0,0,0,0,0,0,1,0,0,0,0,0
1RDWX,7,0,1,1,0,0,0,1,0,0,0,0,0,0,0,0,0,0,1,1,0,0,0,0
1RDWX,8,0,0,0,2,0,0,0,0,1,1,1,0,0,0,0,0,0,1,0,0,0,0,0
1RDWX,9,0,0,0,0,0,1,0,0,0,0,1,1,0,1,1,1,0,0,0,0,0,0,0
1RDWX,10,0,1,0,0,1,0,1,0,0,2,1,0,0,1,0,0,0,1,1,0,0,0,0
1RDWX,11,0,1,0,0,0,1,1,0,2,0,0,1,0,0,0,0,1,0,0,0,0,0,0
1RDWX,12,0,0,0,1,0,0,0,0,0,0,1,1,1,0,0,1,0,0,0,0,0,0,0
1RDWX,13,0,0,0,2,0,0,0,1,2,0,0,0,0,0,2,0,0,0,0,0,0,0,0
1RDWX,14,0,1,0,0,0,0,1,1,1,2,0,1,1,0,0,2,0,1,0,0,0,0,0
1RDWX,15,1,0,0,1,0,0,0,0,0,0,1,1,0,0,0,1,0,0,0,0,0,0,0
1RDWX,16,0,0,0,0,0,0,1,0,0,0,1,0,1,0,0,1,0,0,0,1,0,0,0
1RDWX,17,2,1,1,0,0,0,1,1,2,2,2,0,0,1,0,0,0,2,1,0,0,0,0
1RHBA,1,1,0,1,0,0,1,1,1,0,1,0,0,1,2,0,1,0,0,2,0,0,0,0
1RHBA,2,0,2,0,1,0,0,0,0,0,1,0,1,0,0,2,0,0,0,0,0,0,0,0
1RHBA,3,1,0,1,1,0,0,0,0,0,0,1,0,1,0,1,0,0,0,1,2,0,0,0
1RHBA,4,1,0,0,1,0,1,1,0,0,0,0,0,0,0,1,1,0,1,0,0,0,0,0
1RRGA,1,2,0,0,3,0,0,0,0,0,1,0,0,0,0,0,0,0,0,3,0,0,0,0
1RRGA,2,1,1,1,1,0,0,1,0,0,0,0,0,0,0,0,0,0,0,0,0,0,0,0
1RRGA,3,0,1,1,1,0,0,0,3,0,0,0,0,1,0,0,0,1,0,0,0,0,0,0
1RRGA,4,0,1,0,0,0,0,2,0,0,0,0,0,0,0,0,1,0,0,1,1,0,0,0
1RRGA,5,0,0,1,0,0,0,1,0,0,0,0,0,0,0,0,2,1,0,0,0,0,0,0
1RRGA,6,1,0,0,1,1,1,0,0,0,0,0,0,0,0,1,2,0,0,0,0,0,0,0
1RRGA,7,0,0,1,0,0,1,1,0,0,0,0,0,1,0,0,1,0,0,0,0,0,0,0
1RRGA,8,1,2,1,1,0,0,0,0,0,0,0,0,0,0,0,0,0,0,1,1,0,0,0
1RRGA,9,0,0,1,0,0,0,0,2,1,1,2,0,0,0,1,0,0,0,0,0,0,0,0
1RTCA,1,0,1,2,3,0,0,2,1,1,0,0,0,1,1,0,0,0,2,2,1,0,0,0
1RTCA,2,2,0,2,0,0,0,0,1,0,0,0,0,2,0,1,1,0,0,0,0,0,0,0
1RTCA,3,1,1,0,0,0,0,2,1,0,0,0,0,0,0,1,2,0,1,0,0,0,0,0
1RTCA,4,1,2,0,0,0,1,1,1,3,1,0,0,0,0,0,1,0,0,0,0,0,0,0
1RTCA,5,0,0,0,0,0,1,0,0,1,3,0,0,1,0,1,0,0,1,1,0,0,0,0
1RTCA,6,0,1,2,0,0,0,2,0,2,0,0,0,0,1,0,0,0,0,0,0,0,0,0
1RTCA,7,0,0,1,1,0,1,1,1,0,0,0,0,0,0,0,0,0,0,0,0,0,0,0
1RTCA,8,0,2,0,0,0,0,1,0,0,0,0,0,0,0,1,1,0,0,0,0,0,0,0
1RTCA,9,0,2,0,0,0,0,0,1,0,0,0,0,0,0,0,1,0,0,1,0,0,0,0
1RTCA,10,2,1,0,0,0,0,1,0,0,0,0,0,0,0,1,1,0,0,0,0,0,0,0
1RTCA,11,1,1,0,0,0,0,0,1,1,0,0,0,0,0,0,0,0,0,0,0,0,0,0
1RTCA,12,0,0,0,0,0,0,0,1,0,0,0,0,1,0,1,1,0,2,0,0,0,0,0
1RTCA,13,0,1,1,0,0,2,0,0,1,2,0,0,1,2,0,1,0,0,0,0,0,0,0
1RTCA,14,0,0,0,1,0,1,1,0,1,2,0,0,1,0,0,1,0,1,0,0,0,0,0
1RTCA,15,0,0,0,1,0,0,0,0,0,0,0,0,1,0,1,0,0,1,1,0,0,0,0
1RTCA,16,0,1,1,0,0,0,0,0,0,0,0,0,0,1,0,1,0,1,1,0,0,0,0
1SU4A,1,3,0,2,2,0,1,4,3,0,1,0,0,0,1,0,1,0,0,3,0,0,0,0
1SU4A,2,0,3,1,2,0,0,1,2,1,0,1,0,0,2,1,0,0,1,0,0,0,0,0
1SU4A,3,0,0,0,0,1,1,1,1,2,4,0,1,0,1,0,2,0,1,1,0,0,0,0
1SU4A,4,1,3,0,2,1,1,1,2,0,1,2,1,0,2,2,2,0,0,1,0,0,0,0
1SU4A,5,1,0,0,0,0,0,0,1,1,1,0,0,1,0,1,1,2,0,0,0,0,0,0
1SU4A,6,1,0,1,0,1,0,0,0,0,0,0,0,1,0,0,1,0,0,3,0,0,0,0
1SU4A,7,2,0,0,0,0,0,0,0,2,1,0,0,1,0,0,0,1,0,0,0,0,0,0
1SU4A,8,2,0,1,0,0,0,1,0,2,0,0,0,0,0,0,1,0,1,1,0,0,0,0
1SU4A,9,0,0,0,0,0,0,0,0,3,1,0,0,0,1,1,0,0,0,1,0,0,0,0
1SU4A,10,3,0,0,1,0,0,2,0,0,0,2,2,1,0,1,1,0,0,0,0,0,0,0
1SU4A,11,0,1,0,0,1,0,2,0,1,1,1,0,0,1,0,1,0,0,0,0,0,0,0
1SU4A,12,1,1,0,0,0,0,1,0,2,1,1,0,0,1,0,1,0,1,1,0,0,0,0
1SU4A,13,2,0,0,0,1,0,0,0,1,1,0,0,2,0,1,0,1,0,2,0,0,0,0
1SU4A,14,0,0,0,0,0,0,1,1,0,0,1,0,1,1,0,0,0,0,0,0,0,0,0
1SU4A,15,1,0,1,2,0,0,0,2,1,0,0,0,0,0,0,0,0,0,2,0,0,0,0
1SU4A,16,1,0,0,0,0,0,0,0,1,3,0,0,0,0,1,0,0,0,2,0,0,0,0
1SU4A,17,1,2,0,0,0,0,1,2,1,0,0,0,0,0,0,2,0,0,0,0,0,0,0
1SU4A,18,0,1,0,1,0,0,1,2,0,0,1,1,1,0,0,3,0,0,1,0,0,0,0
1SU4A,19,0,1,0,0,0,0,1,0,0,1,1,0,0,1,1,0,0,1,1,0,0,0,0
1SU4A,20,1,0,0,0,0,0,1,0,0,0,2,0,0,0,0,0,0,1,0,0,0,0,0
1SU4A,21,1,1,2,0,0,0,0,0,0,1,1,1,0,0,1,0,0,0,0,0,0,0,0
1SU4A,22,0,2,0,1,0,1,0,0,1,0,0,0,0,0,0,0,0,0,2,0,0,0,0
1SU4A,23,0,1,0,0,0,1,0,1,0,0,0,0,1,0,0,0,0,0,2,0,0,0,0
1SU4A,24,0,0,0,0,0,0,1,0,0,0,1,0,0,1,1,0,0,1,0,0,0,0,0
1SU4A,25,2,1,1,1,0,0,1,1,0,0,2,0,0,1,0,1,0,1,0,0,0,0,0
1SU4A,26,0,3,0,0,0,0,0,0,3,0,0,0,0,0,0,0,0,0,1,0,0,0,0
1SU4A,27,0,0,0,1,1,0,0,0,0,0,1,0,1,0,0,0,0,0,0,0,0,0,0
1SU4A,28,0,3,0,0,0,1,1,2,0,0,0,0,1,0,0,0,0,0,0,0,0,0,0
1SU4A,29,1,0,0,0,0,0,1,0,0,0,0,1,0,1,1,2,0,0,0,0,0,0,0
1SU4A,30,1,1,1,0,0,0,1,0,0,2,0,0,0,0,1,0,1,0,0,0,0,0,0
1SU4A,31,0,0,0,0,0,0,0,0,2,4,0,0,1,0,0,0,1,0,1,0,0,0,0
1SU4A,32,2,1,0,0,0,0,1,0,2,0,1,0,0,1,1,1,0,1,1,1,0,0,0
1SU4A,33,1,0,0,0,0,0,0,0,0,0,0,0,2,0,0,0,1,0,1,0,0,0,0
1SU4A,34,0,0,1,2,0,0,0,2,0,0,0,1,0,0,1,4,0,0,0,0,0,0,0
1SU4A,35,1,0,0,0,0,0,0,1,1,0,1,1,0,1,1,0,0,0,1,0,0,0,0
1SU4A,36,1,2,1,0,0,0,1,0,0,0,1,1,0,1,0,0,0,0,0,0,0,0,0
1SU4A,37,0,0,0,0,0,0,2,1,1,0,2,0,0,1,0,0,0,1,1,0,0,0,0
1SU4A,38,1,1,0,1,0,0,1,4,0,0,1,1,0,0,1,1,0,0,1,0,0,0,0
1SU4A,39,0,0,1,2,0,1,0,1,2,0,0,0,1,0,0,0,0,0,1,0,0,0,0
1SU4A,40,1,2,0,1,1,0,3,2,0,0,2,1,1,0,1,1,0,0,0,0,0,0,0
1SU4A,41,1,0,1,0,0,0,0,0,3,1,0,0,0,1,0,0,0,0,4,0,0,0,0
1SU4A,42,0,0,0,0,0,0,1,0,1,0,0,0,0,0,0,0,0,1,1,1,0,0,0
1SU4A,43,0,0,1,0,0,0,1,0,0,1,1,0,1,0,1,0,0,0,0,0,0,0,0
1SU4A,44,0,1,0,0,0,0,1,0,0,0,1,0,0,1,2,0,0,0,0,0,0,0,0
1SU4A,45,0,1,1,0,0,0,1,1,1,0,1,1,0,0,1,0,0,0,1,0,0,0,0
1SU4A,46,0,0,1,0,0,0,0,0,0,0,0,0,0,1,2,0,0,0,1,0,0,0,0
1SU4A,47,1,0,0,0,0,0,1,1,0,1,1,0,0,0,2,0,0,0,1,0,0,0,0
1SU4A,48,0,0,0,0,0,1,1,0,2,2,2,0,2,1,0,0,0,1,2,0,0,0,0
1SU4A,49,0,1,0,1,0,0,0,0,0,0,1,0,0,0,0,0,0,0,0,0,0,0,0
1SU4A,50,2,1,2,0,0,0,0,0,0,1,0,0,1,0,0,1,1,0,0,0,0,0,0
1SU4A,51,0,1,0,1,1,0,1,0,1,0,0,0,0,1,2,0,0,0,0,0,0,0,0
1SU4A,52,0,0,0,1,0,0,1,0,0,1,0,0,0,0,1,1,0,0,0,0,0,0,0
1SU4A,53,0,0,0,2,0,0,1,1,1,0,2,0,0,1,0,2,0,0,1,0,0,0,0
1SU4A,54,1,1,0,2,0,0,0,0,1,1,0,2,0,0,0,2,0,0,0,0,0,0,0
1SU4A,55,0,0,0,1,0,1,0,0,1,2,0,0,0,1,1,1,0,0,0,0,0,0,0
1SU4A,56,0,0,1,0,0,1,1,0,0,0,0,0,0,0,0,0,0,2,1,0,0,0,0
1SU4A,57,2,0,1,1,0,0,0,0,1,0,2,0,0,0,1,1,0,0,1,0,0,0,0
1SU4A,58,1,2,0,0,0,0,1,0,0,0,2,0,0,0,0,2,0,1,0,0,0,0,0
1SU4A,59,0,0,0,0,1,0,0,0,0,0,0,0,2,1,0,0,0,0,0,0,0,0,0
1SU4A,60,1,2,0,2,0,0,1,1,0,0,1,0,0,0,0,0,0,0,0,0,0,0,0
1SU4A,61,0,0,0,0,0,1,1,0,0,0,1,0,0,2,0,0,0,0,0,0,0,0,0
1SU4A,62,2,0,1,1,0,0,0,0,1,0,1,0,0,1,1,0,0,0,1,0,0,0,0
1SU4A,63,0,0,0,1,0,1,2,0,1,0,0,0,0,1,1,0,0,0,0,0,0,0,0
1SU4A,64,0,1,2,1,0,0,1,0,0,0,2,0,0,0,1,1,0,0,0,0,0,0,0
1SWXA,1,0,0,0,0,1,0,0,0,2,3,1,0,7,0,1,0,0,0,1,0,0,0,0
1SWXA,2,1,0,0,0,0,0,1,0,1,1,1,0,1,3,0,1,0,0,0,0,0,0,0
1SWXA,3,0,0,0,1,0,2,1,0,2,1,1,1,0,0,0,0,0,0,1,0,0,0,0
1SWXA,4,2,0,0,1,0,0,0,0,0,1,1,0,0,2,1,0,0,0,0,0,0,0,0
1SWXA,5,0,0,0,0,0,0,0,0,1,0,1,0,0,0,0,0,1,0,0,0,0,0,0
1SWXA,6,0,1,0,0,0,2,1,0,0,1,1,0,0,0,0,1,0,1,0,0,0,0,0
1SWXA,7,0,0,0,1,0,0,0,0,1,0,1,0,0,2,2,0,0,0,0,0,0,0,0
1SWXA,8,1,1,0,0,0,1,0,0,0,1,0,0,0,0,0,1,0,0,1,0,0,0,0
1SWXA,9,0,0,0,0,0,1,1,0,0,0,2,0,0,0,0,0,0,0,0,1,0,0,0
1SWXA,10,0,0,0,1,0,2,1,0,0,0,1,0,0,0,1,0,0,0,1,0,0,0,0
1SWXA,11,1,0,0,0,0,0,1,0,0,0,1,1,1,0,0,1,0,0,1,0,0,0,0
1SWXA,12,0,1,0,0,0,0,0,0,0,0,1,0,0,0,0,1,0,0,1,0,0,0,0
1SWXA,13,1,0,0,0,0,0,1,0,0,0,1,0,0,1,0,0,0,0,0,1,0,0,0
1SWXA,14,1,1,0,0,0,0,0,0,0,1,0,0,0,1,0,0,0,1,0,0,0,0,0
1SWXA,15,2,0,1,0,0,0,0,1,0,1,1,0,0,0,0,0,0,0,1,0,0,0,0
1SWXA,16,1,0,0,0,1,0,0,0,0,1,1,0,1,1,0,0,0,0,0,1,0,0,0
1SWXA,17,0,1,1,0,0,0,0,0,0,1,0,0,0,1,0,0,0,0,0,1,0,0,0
1TQOA,1,1,0,0,1,0,0,0,1,1,1,0,0,0,0,0,2,0,0,2,0,0,0,0
1TQOA,2,1,1,0,2,0,0,0,0,0,3,1,0,0,0,0,0,0,2,1,0,0,0,0
1TQOA,3,0,0,0,1,0,0,1,0,1,0,1,0,0,1,0,1,0,0,1,0,0,0,0
1TQOA,4,2,0,0,0,0,0,1,0,0,1,2,0,0,0,0,1,0,0,1,0,0,0,0
1TQOA,5,1,1,0,0,0,0,1,1,0,1,1,0,0,0,0,0,0,1,0,0,0,0,0
1TQOA,6,2,0,0,0,0,0,0,0,1,0,0,0,1,1,1,0,0,0,0,0,0,0,0
1UK2A,1,0,0,2,3,0,2,0,1,2,1,0,0,1,2,1,2,0,0,1,1,0,0,0
1UK2A,2,0,0,0,0,0,0,1,1,1,2,0,0,0,3,0,2,0,0,0,0,0,0,0
1UK2A,3,0,1,0,0,0,0,0,1,1,3,0,1,0,0,0,1,0,1,0,0,0,0,0
1UK2A,4,1,1,0,0,0,2,0,0,0,0,0,1,1,0,0,0,0,0,0,0,0,0,0
1UK2A,5,0,1,0,1,0,0,0,0,0,1,0,0,1,0,0,0,0,0,1,0,0,0,0
1UK2A,6,0,1,0,1,0,0,0,1,0,0,0,0,0,0,1,1,0,1,0,1,0,0,0
1UK2A,7,0,0,0,0,0,0,0,2,0,0,2,0,0,0,0,0,0,0,0,0,0,0,0
1UK2A,8,0,0,0,0,0,0,0,0,1,1,0,0,1,2,0,0,0,0,0,0,0,0,0
1UK2A,9,1,0,1,0,0,0,1,2,0,1,0,1,0,1,0,1,1,0,1,0,0,0,0
1UK2A,10,1,0,1,0,0,0,0,1,0,0,1,0,0,0,0,2,0,0,1,0,0,0,0
1UK2A,11,0,1,1,0,0,0,1,2,0,0,1,1,2,0,0,0,0,0,1,0,0,0,0
1UK2A,12,0,0,0,0,0,0,0,1,0,1,0,0,0,1,2,0,0,0,1,0,0,0,0
1UK2A,13,0,0,0,0,0,0,0,1,1,0,1,0,1,0,0,0,0,1,0,0,0,0,0
1W50A,1,1,1,0,0,0,1,1,4,0,0,0,0,0,0,2,2,0,1,2,0,0,0,0
1W50A,2,0,2,3,1,0,0,2,0,0,0,0,0,0,0,0,0,0,1,1,0,0,0,0
1W50A,3,1,0,0,0,0,0,1,0,1,0,0,0,1,1,1,1,0,0,0,0,0,0,0
1W50A,4,0,0,0,1,0,0,1,0,0,0,2,0,0,1,2,0,0,1,0,0,0,0,0
1W50A,5,1,0,0,0,0,0,0,0,2,3,0,0,0,0,0,0,0,1,2,0,0,0,0
1W50A,6,0,1,1,0,0,1,0,2,0,0,0,0,0,0,1,0,1,1,0,1,0,0,0
1W50A,7,1,0,0,1,0,1,0,0,0,1,1,0,0,0,1,0,0,0,0,0,0,0,0
1W50A,8,0,0,0,0,0,0,1,0,0,1,0,0,0,0,1,0,1,1,1,0,0,0,0
1W50A,9,0,1,1,0,0,0,0,0,1,0,0,0,0,0,1,0,0,1,1,0,0,0,0
1W50A,10,0,2,0,2,0,0,0,2,2,1,1,0,0,0,1,2,0,1,1,0,0,0,0
1W50A,11,0,0,0,0,0,0,0,1,0,1,0,0,0,1,2,1,0,0,0,0,0,0,0
1W50A,12,1,0,0,2,0,0,1,0,0,0,0,0,0,0,0,0,0,1,0,0,0,0,0
1W50A,13,0,2,0,1,0,0,1,0,0,0,0,0,0,0,0,0,1,1,0,0,0,0,0
1W50A,14,1,1,1,0,0,0,1,1,0,0,0,0,0,0,1,2,0,0,1,0,0,0,0
1W50A,15,0,0,0,0,0,0,1,1,0,0,0,2,0,1,0,1,0,0,1,0,0,0,0
1XCGB,1,0,1,0,1,0,0,1,0,0,0,1,1,0,1,0,0,0,1,0,0,0,0,0
1XCGB,2,0,1,1,0,0,0,0,0,0,0,1,0,0,0,0,0,0,0,2,0,0,0,0
1XCGB,3,1,0,1,1,1,0,0,1,0,1,2,0,1,0,0,0,0,0,0,0,0,0,0
1XCGB,4,0,1,0,1,0,0,1,0,0,1,0,1,0,1,0,0,0,0,1,0,0,0,0
1XCGB,5,1,1,1,1,0,0,2,0,1,0,0,0,0,0,1,0,0,1,0,0,0,0,0
1XCGB,6,1,0,1,0,1,0,0,1,1,0,1,0,1,1,0,0,0,0,1,0,0,0,0
1XCGB,7,1,0,0,1,0,1,0,0,1,0,0,0,0,0,0,0,0,0,1,0,0,0,0
1XCGB,8,1,0,0,3,1,0,0,1,0,0,1,0,0,0,2,0,0,0,0,0,0,0,0
1XCGB,9,0,1,0,1,0,0,0,0,0,0,2,0,0,0,0,0,1,0,0,0,0,0,0
1XMGB,1,3,0,0,2,1,1,0,0,0,4,1,0,1,2,0,1,1,0,1,0,0,0,0
1XMGB,2,0,0,2,0,0,0,1,1,2,1,2,0,3,2,0,0,0,0,1,1,0,0,0
1XMGB,3,1,1,0,0,0,0,0,2,0,2,0,0,2,1,0,1,2,0,0,0,0,0,0
1XMGB,4,2,1,0,0,0,0,1,1,0,3,0,1,1,0,0,1,0,2,1,0,0,0,0
1XMGB,5,3,0,3,1,0,0,1,0,0,0,1,0,0,1,0,0,0,1,0,1,0,0,0
1XMGB,6,0,0,0,0,0,0,0,0,0,4,0,1,2,0,0,0,0,1,3,0,0,0,0
1XMGB,7,0,3,2,1,0,1,3,2,0,0,2,1,0,0,1,1,0,1,1,0,0,0,0
1XMGB,8,0,0,1,0,0,0,3,0,2,0,0,0,0,0,0,1,0,0,0,1,0,0,0
1XMGB,9,2,1,1,0,0,0,1,1,1,3,0,0,0,0,0,0,0,0,0,0,0,0,0
1XMGB,10,1,0,0,2,0,1,3,0,0,0,0,1,0,1,0,0,0,1,0,0,0,0,0
1XMGB,11,1,0,0,1,0,0,0,0,0,0,2,0,0,0,0,0,2,1,1,0,0,0,0
1XMGB,12,0,1,2,0,0,0,1,0,1,0,0,1,0,1,0,1,0,1,0,0,0,0,0
1XMGB,13,1,1,0,3,0,1,0,1,0,0,1,0,0,0,1,1,1,0,0,0,0,0,0
1XMGB,14,0,1,0,0,0,1,0,0,0,1,1,0,0,1,1,2,0,0,0,0,0,0,0
1XMGB,15,1,1,0,0,0,0,2,0,0,0,0,0,0,1,0,1,1,0,2,0,0,0,0
1XMGB,16,1,0,1,0,0,0,0,0,0,2,1,0,1,0,0,0,1,0,0,0,0,0,0
1XMGB,17,0,1,2,0,0,1,5,0,0,0,0,0,0,1,0,0,1,2,0,1,0,0,0
1XMGB,18,0,0,1,0,1,0,1,0,1,0,0,1,0,0,0,0,0,0,0,0,0,0,0
1XMGB,19,1,0,1,0,0,1,0,0,1,1,2,0,0,0,0,0,0,0,1,0,0,0,0
1XMGB,20,1,0,0,0,0,0,2,0,0,1,1,0,0,0,1,0,0,0,0,0,0,0,0
1XMGB,21,0,0,0,0,0,0,2,0,0,0,2,0,1,0,0,0,0,0,0,0,0,0,0
1XMGB,22,0,1,1,0,0,2,1,0,1,0,1,0,0,0,0,1,0,1,1,0,0,0,0
1XMGB,23,0,1,0,1,0,1,0,0,1,1,0,0,0,0,0,0,0,2,0,1,0,0,0
1XMGB,24,0,3,0,1,0,1,0,1,0,1,0,0,0,0,0,0,0,0,1,0,0,0,0
1XMGB,25,0,1,1,0,0,0,1,0,0,0,0,0,0,0,0,1,0,1,1,1,0,0,0
1XMGB,26,0,0,1,0,0,0,3,1,0,0,1,1,0,0,0,0,0,0,1,0,0,0,0
1XMGB,27,0,0,1,0,0,1,0,0,0,0,1,0,0,0,0,0,0,3,0,0,0,0,0
1XMGB,28,0,2,0,2,0,0,1,1,0,0,0,0,0,0,0,0,0,0,0,0,0,0,0
1XMGB,29,0,1,2,0,0,1,0,0,0,0,0,0,0,0,0,1,1,0,0,0,0,0,0
2AIRH,1,1,0,0,0,0,0,1,1,2,0,2,0,0,0,0,2,0,0,1,0,0,0,0
2AIRH,2,0,1,1,3,0,2,2,0,0,1,1,0,1,1,0,0,0,0,1,0,0,0,0
2AIRH,3,0,0,0,0,0,0,1,1,0,0,0,1,0,1,1,0,0,0,0,0,0,0,0
2AIRH,4,0,0,0,0,0,1,0,0,3,3,0,0,1,0,0,1,0,0,0,0,0,0,0
2AIRH,5,0,0,0,0,0,0,0,0,1,4,1,0,0,0,0,0,0,0,3,0,0,0,0
2AIRH,6,0,2,0,1,0,0,2,1,0,1,1,0,0,0,2,0,0,0,4,0,0,0,0
2AIRH,7,0,0,0,0,1,0,0,0,0,1,0,0,0,0,1,0,0,0,2,1,0,0,0
2AKAA,1,0,1,0,1,1,1,2,1,2,2,3,0,2,0,2,1,0,0,1,0,0,0,0
2AKAA,2,1,0,0,1,0,1,1,0,2,0,0,0,0,0,1,0,0,1,0,0,0,0,0
2AKAA,3,3,1,0,2,0,0,1,1,0,1,1,0,0,0,0,0,0,0,0,0,0,0,0
2AKAA,4,0,1,1,0,1,1,0,0,2,3,0,0,2,0,0,1,0,1,0,0,0,0,0
2AKAA,5,0,1,1,1,0,2,0,0,2,1,0,0,0,0,0,0,0,0,0,0,0,0,0
2AKAA,6,0,0,2,0,0,0,0,0,1,0,1,0,1,0,2,0,0,0,1,0,0,0,0
2AKAA,7,2,1,1,0,0,2,1,2,3,2,0,0,0,0,1,0,0,0,0,0,0,0,0
2AKAA,8,0,0,0,1,0,2,1,1,0,1,2,1,1,0,0,1,0,0,0,2,0,0,0
2AKAA,9,0,0,1,0,0,1,1,0,0,0,0,0,1,0,0,0,0,0,0,0,0,0,0
2AKAA,10,2,1,1,1,1,0,1,0,0,1,1,0,0,0,0,0,0,0,1,0,0,0,0
2AKAA,11,0,2,1,0,0,0,2,0,1,0,1,0,0,1,0,0,0,1,0,0,0,0,0
2AKAA,12,1,1,0,1,0,1,0,1,0,1,1,0,1,2,0,0,0,0,0,1,0,0,0
2AKAA,13,1,1,1,0,0,0,0,0,1,2,0,0,0,1,1,0,0,1,1,2,0,0,0
2AKAA,14,0,2,1,1,0,0,1,0,1,1,1,0,2,0,0,0,0,1,1,0,0,0,0
2AKAA,15,0,0,0,1,0,0,1,0,2,0,1,1,2,0,0,1,1,1,0,0,0,0,0
2AKAA,16,1,0,1,0,0,0,1,0,0,0,1,0,0,0,1,0,0,1,0,0,0,0,0
2AKAA,17,0,0,1,1,0,0,1,0,2,0,1,0,0,0,0,1,0,0,0,0,0,0,0
2AKAA,18,0,1,1,1,0,0,1,0,1,0,0,0,0,1,0,0,0,0,0,0,0,0,0
2AKAA,19,2,0,0,1,0,0,0,0,0,1,2,1,0,0,0,0,0,1,0,0,0,0,0
2AKAA,20,0,1,0,0,0,0,0,0,0,0,0,0,1,1,0,0,1,1,0,0,0,0,0
2AKAA,21,0,0,0,0,0,0,1,0,0,0,1,1,0,0,1,0,0,0,0,0,0,0,0
2AKAA,22,0,0,0,0,0,1,1,1,0,0,1,0,0,0,0,0,0,0,2,0,0,0,0
2AKAA,23,2,1,0,1,0,0,0,1,1,4,2,0,1,1,1,0,0,1,0,0,0,0,0
2AKAA,24,2,1,0,2,0,0,0,0,0,0,1,0,0,0,0,0,0,0,1,0,0,0,0
2AKAA,25,0,1,0,1,0,1,0,0,1,2,0,0,0,0,0,0,0,0,0,0,0,0,0
2AKAA,26,0,0,0,1,0,0,2,0,0,0,1,0,0,0,1,1,0,1,0,1,0,0,0
2AKAA,27,0,0,0,1,0,1,0,0,0,0,1,0,0,0,0,0,0,1,0,0,0,0,0
2AKAA,28,0,0,0,0,0,1,1,0,0,1,0,0,1,1,1,0,0,0,1,0,0,0,0
2AKAA,29,3,0,2,1,0,0,0,0,0,0,0,0,1,0,1,1,0,0,0,2,0,0,0
2AKAA,30,0,0,1,1,0,1,2,0,0,0,1,1,0,0,3,0,0,0,0,0,0,0,0
2AKAA,31,1,0,0,1,0,0,0,0,0,1,0,0,0,1,0,0,0,1,1,0,0,0,0
2AKAA,32,1,0,3,1,0,1,2,0,2,0,0,0,0,1,1,0,0,0,1,1,0,0,0
2AKAA,33,0,2,0,1,0,0,1,1,0,2,0,1,0,1,0,1,0,0,0,0,0,0,0
2AKAA,34,1,0,1,0,0,0,0,0,0,2,0,0,0,1,0,0,0,0,0,1,0,0,0
2AKAA,35,0,4,0,0,0,0,0,1,0,0,0,0,0,0,1,0,0,0,1,0,0,0,0
2AKAA,36,0,0,0,1,0,0,1,0,0,0,0,0,0,0,2,0,0,0,1,0,0,0,0
2AKAA,37,0,1,0,1,0,0,2,0,0,1,0,0,1,1,1,0,0,1,0,0,0,0,0
2AKAA,38,0,0,0,0,0,1,0,0,1,1,0,0,0,0,0,1,1,1,0,0,0,0,0
2AKAA,39,0,2,2,2,0,1,1,0,1,0,1,0,0,0,0,0,0,0,1,0,0,0,0
2AKAA,40,2,2,1,2,0,1,0,1,0,1,0,0,0,0,0,0,0,1,0,0,0,0,0
2AKAA,41,1,4,3,0,0,0,1,1,1,2,1,0,0,0,0,0,0,2,0,0,0,0,0
2AKAA,42,0,1,1,1,0,0,1,0,0,0,0,0,0,0,0,0,0,1,1,0,0,0,0
2AKAA,43,0,1,2,0,0,0,1,1,2,0,1,0,1,1,0,0,0,1,1,0,0,0,0
2AKAA,44,0,1,6,2,2,2,4,4,5,1,3,0,2,1,4,4,0,0,1,0,0,0,0
2AKAA,45,0,0,1,0,0,2,0,2,1,2,0,0,0,0,2,0,0,0,2,0,0,0,0
2AKAA,46,0,1,4,0,0,0,0,1,1,0,1,0,1,0,1,2,0,0,0,0,0,0,0
2AKAA,47,1,0,0,2,0,2,1,0,0,2,3,0,0,1,2,0,0,0,1,0,0,0,0
2AKAA,48,0,1,0,2,0,3,5,0,0,0,1,0,2,0,3,1,0,0,2,0,0,0,0
2AX9A,1,0,1,1,0,0,1,0,1,0,5,0,6,3,0,0,1,1,0,1,0,0,0,0
2AX9A,2,1,1,1,0,0,1,1,1,0,1,0,1,1,2,0,0,2,1,3,1,0,0,0
2AX9A,3,1,1,0,0,0,1,0,2,2,1,1,0,0,1,1,0,0,1,1,1,0,0,0
2AX9A,4,0,1,0,0,1,0,0,0,0,0,0,0,0,0,0,0,0,0,3,0,0,0,0
2AX9A,5,0,0,2,0,0,0,1,1,0,1,1,0,1,1,0,0,0,1,0,0,0,0,0
2AX9A,6,0,0,0,0,0,0,1,0,1,0,0,0,1,1,0,0,0,0,1,0,0,0,0
2AX9A,7,1,0,0,1,1,0,0,0,1,0,0,0,0,0,1,0,0,0,0,0,0,0,0
2AX9A,8,0,0,1,0,0,1,0,1,0,0,0,0,1,0,1,0,0,0,0,0,0,0,0
2AX9A,9,0,1,0,1,0,0,0,0,0,1,0,0,2,0,0,0,0,0,0,0,0,0,0
2AX9A,10,0,0,0,0,0,1,0,0,0,1,0,0,1,1,0,0,0,0,0,0,0,0,0
2AX9A,11,0,0,0,1,0,0,0,1,0,0,2,0,0,1,0,0,0,1,1,0,0,0,0
2AX9A,12,0,0,0,0,0,1,1,0,0,2,1,0,0,0,0,0,0,1,0,0,0,0,0
2BF3A,1,0,0,1,0,0,1,2,0,0,0,0,0,1,1,0,0,0,0,0,0,0,0,0
2BF3A,2,2,0,0,0,0,0,1,0,1,1,0,0,1,0,1,0,0,0,0,0,0,0,0
2BF3A,3,0,0,0,1,0,0,0,0,0,0,1,0,0,0,0,1,0,0,0,0,0,0,0
2BLSB,1,2,0,1,2,0,1,0,2,0,0,1,0,0,2,1,1,0,1,3,0,0,0,0
2BLSB,2,2,2,3,1,0,1,1,3,2,3,1,1,0,0,2,2,0,1,0,1,0,0,0
2BLSB,3,0,1,0,1,0,1,0,0,1,1,1,0,0,1,1,0,0,0,0,0,0,0,0
2BLSB,4,1,0,1,1,0,0,0,1,1,0,0,0,0,1,1,0,0,1,1,0,0,0,0
2BLSB,5,2,0,1,1,0,1,1,0,0,0,2,0,0,1,0,1,1,1,0,0,0,0,0
2BLSB,6,0,1,0,0,0,0,0,1,0,0,0,0,0,0,1,0,0,0,2,1,0,0,0
2BLSB,7,0,0,3,1,0,0,0,0,0,0,0,0,0,2,0,0,0,1,0,0,0,0,0
2BLSB,8,0,0,1,0,0,2,0,0,0,1,0,0,0,0,0,1,0,0,0,0,0,0,0
2BLSB,9,0,0,0,0,0,0,1,0,0,0,2,0,0,1,0,0,0,0,0,0,0,0,0
2BLSB,10,0,0,0,2,0,0,0,0,0,1,0,0,0,1,0,0,0,0,1,0,0,0,0
2BLSB,11,1,1,1,1,0,2,0,0,0,2,1,0,0,1,0,0,0,0,1,0,0,0,0
2BLSB,12,2,0,0,1,0,0,0,1,1,0,0,0,0,0,0,0,0,1,0,0,0,0,0
2BLSB,13,1,0,0,0,0,0,0,0,0,1,1,0,0,0,2,0,0,0,0,0,0,0,0
2BRKA,1,2,0,0,0,0,0,0,1,1,2,0,0,1,1,0,1,1,0,1,1,0,0,0
2BRKA,2,0,2,1,3,0,0,0,1,1,1,1,0,2,1,2,1,0,0,2,1,0,0,0
2BRKA,3,0,2,1,4,1,0,0,0,1,1,1,0,1,0,2,1,0,1,0,0,0,0,0
2BRKA,4,0,1,0,0,2,0,0,0,0,1,1,1,0,0,3,1,0,1,0,0,0,0,0
2BRKA,5,1,0,0,0,0,0,0,1,0,2,0,1,0,2,1,0,0,2,1,1,0,0,0
2BRKA,6,0,1,1,0,0,0,0,0,1,2,0,0,0,0,2,0,0,0,2,0,0,0,0
2BRKA,7,0,1,0,1,0,0,1,0,0,1,1,0,0,0,1,0,1,1,3,0,0,0,0
2BRKA,8,0,0,1,0,0,1,0,1,1,0,0,1,0,0,1,0,0,0,0,0,0,0,0
2BRKA,9,0,1,0,0,0,0,1,1,0,2,1,0,0,1,0,1,0,0,1,0,0,0,0
2BRKA,10,0,1,0,0,0,0,1,0,0,1,0,0,0,0,0,2,0,0,0,0,0,0,0
2BRKA,11,1,1,0,0,0,1,1,0,0,1,0,0,0,2,0,1,0,0,0,0,0,0,0
2BRKA,12,0,0,0,0,0,0,2,0,0,2,0,1,0,0,1,0,1,0,1,1,0,0,0
2BRKA,13,0,0,0,2,0,1,1,1,0,1,0,0,0,2,1,0,0,0,0,0,0,0,0
2BRKA,14,0,0,0,0,0,1,1,0,0,1,0,0,1,1,0,1,0,0,0,0,0,0,0
2BRKA,15,0,0,0,0,0,1,0,1,0,0,1,0,0,0,0,1,0,0,0,0,0,0,0
2BRKA,16,2,0,0,1,0,0,0,0,0,1,2,0,0,1,0,0,0,0,0,0,0,0,0
2BRKA,17,1,1,0,0,0,0,0,0,0,2,0,0,0,1,0,0,0,0,1,0,0,0,0
2BRKA,18,0,0,0,0,0,0,2,1,1,0,0,0,0,0,1,0,0,1,0,0,0,0,0
2BRKA,19,0,1,0,0,0,0,0,0,0,2,0,1,0,0,1,0,0,1,0,1,0,0,0
2BRKA,20,0,0,1,0,0,0,2,1,0,1,0,0,0,0,0,0,0,0,0,0,0,0,0
2BRKA,21,0,1,0,1,0,0,0,0,0,0,0,0,1,1,1,1,0,0,0,0,0,0,0
2BRKA,22,1,0,0,1,0,0,0,0,0,1,0,0,0,0,2,0,0,0,0,0,0,0,0
2BRKA,23,0,1,0,0,0,0,0,0,4,0,0,0,0,0,0,0,0,2,0,0,0,0,0
2BRKA,24,0,1,1,0,1,0,0,1,0,1,0,1,1,1,2,0,0,2,0,0,0,0,0
2BRKA,25,0,0,0,0,1,1,0,1,0,0,0,0,0,2,0,0,0,0,0,1,0,0,0
2BRKA,26,0,0,0,1,0,1,0,0,2,0,0,0,0,0,1,0,0,1,0,0,0,0,0
2BRKA,27,0,1,0,0,0,0,0,1,1,0,0,0,1,0,1,0,0,0,0,0,0,0,0
2BRKA,28,0,1,1,0,0,0,1,1,0,0,2,0,0,0,0,0,0,0,2,0,0,0,0
2BRKA,29,0,0,0,1,0,0,0,2,0,0,2,0,0,0,0,0,0,1,0,0,0,0,0
2BRKA,30,0,0,0,0,0,0,0,0,0,1,0,0,1,0,1,0,0,1,0,0,0,0,0
2BRKA,31,1,1,0,0,1,0,0,1,0,1,1,0,0,1,0,1,0,0,0,0,0,0,0
2BU8A,1,2,1,1,1,0,0,1,0,1,4,0,1,0,0,0,1,0,0,1,0,0,0,0
2BU8A,2,1,3,1,0,0,0,1,3,0,2,2,0,1,0,1,0,0,1,0,0,0,0,0
2BU8A,3,0,1,1,0,0,0,1,1,1,2,0,1,1,1,1,2,0,2,2,0,0,0,0
2BU8A,4,0,3,0,0,0,0,0,0,3,1,0,0,0,0,0,0,0,0,0,1,0,0,0
2BU8A,5,0,1,1,0,0,0,0,0,1,1,0,0,0,2,2,0,0,0,0,0,0,0,0
2BU8A,6,0,0,0,0,0,1,0,0,1,2,0,0,4,0,1,0,0,0,0,1,0,0,0
2BU8A,7,1,0,1,0,0,1,1,0,1,1,1,1,0,0,0,0,0,0,1,0,0,0,0
2BU8A,8,0,3,1,1,0,3,1,0,1,1,1,0,1,1,1,0,0,1,0,0,0,0,0
2BU8A,9,0,0,0,1,0,0,0,1,0,0,0,1,2,0,1,0,0,0,0,0,0,0,0
2BU8A,10,0,0,0,0,0,1,1,0,1,0,1,1,0,0,0,0,0,0,1,0,0,0,0
2BU8A,11,0,1,0,0,0,0,0,2,0,0,0,0,0,0,1,0,0,0,0,1,0,0,0
2BU8A,12,1,0,0,0,0,0,0,0,0,0,1,1,0,0,1,0,0,0,1,0,0,0,0
2BU8A,13,0,0,0,1,0,0,0,1,2,1,0,0,0,1,0,0,0,0,0,1,0,0,0
2BU8A,14,0,2,0,1,0,0,0,0,0,3,1,0,0,0,0,0,0,0,0,0,0,0,0
2BU8A,15,1,0,0,1,0,1,1,0,0,1,0,0,0,0,0,0,0,0,0,0,0,0,0
2BU8A,16,1,0,1,0,0,1,1,0,1,0,0,0,0,0,1,0,0,0,0,0,0,0,0
2BU8A,17,0,1,1,0,0,0,0,0,1,0,0,1,0,0,1,0,0,0,0,1,0,0,0
2BU8A,18,0,0,0,0,0,1,1,0,0,0,0,0,0,2,1,1,0,0,0,0,0,0,0
2BU8A,19,1,0,0,0,0,0,1,0,0,1,0,0,0,0,1,0,0,1,1,1,0,0,0
2BU8A,20,0,0,0,0,0,0,1,1,0,0,0,0,1,0,0,0,0,1,1,1,0,0,0
2CGAB,1,0,1,0,1,1,0,0,3,0,0,0,0,1,0,4,1,2,2,1,1,0,0,0
2CGAB,2,0,1,0,2,0,0,0,0,1,0,0,0,1,0,0,0,0,0,1,0,0,0,0
2CGAB,3,0,0,0,0,0,0,0,1,0,1,2,0,0,0,1,2,2,0,0,0,0,0,0
2CGAB,4,0,1,0,0,0,0,0,0,0,0,0,0,0,0,0,0,0,1,0,0,0,0,0
2CGAB,5,1,0,0,0,1,0,0,1,0,0,0,0,1,0,1,0,0,0,0,0,0,0,0
2CM2A,1,1,0,1,0,0,0,1,0,0,0,1,0,1,2,3,1,0,3,1,0,0,0,0
2CM2A,2,0,1,0,1,0,0,3,0,0,1,2,1,1,0,1,1,0,0,1,0,0,0,0
2CM2A,3,1,0,1,1,1,1,1,0,1,0,0,1,1,1,0,0,0,0,0,0,0,0,0
2CM2A,4,1,1,0,1,1,2,1,1,1,0,1,0,0,0,1,0,0,1,0,0,0,0,0
2CM2A,5,0,0,2,1,0,1,1,0,0,1,0,0,0,0,0,2,1,0,0,0,0,0,0
2CM2A,6,0,1,0,0,0,1,1,1,0,1,1,1,0,2,2,0,0,0,0,1,0,0,0
2CM2A,7,1,0,1,0,0,0,1,0,0,1,0,0,1,1,1,0,0,0,0,0,0,0,0
2CM2A,8,0,1,0,0,0,0,0,0,1,1,0,0,1,0,1,0,0,0,0,1,0,0,0
2CM2A,9,1,1,0,0,1,0,0,0,0,1,0,0,0,0,0,0,0,0,0,0,0,0,0
2F6VA,1,1,2,0,2,1,2,0,1,1,0,2,0,1,0,2,0,0,1,0,0,0,0,0
2F6VA,2,1,1,1,1,2,1,1,0,1,2,0,1,1,1,0,0,0,0,1,0,0,0,0
2F6VA,3,1,2,0,0,0,1,0,1,0,0,0,1,0,0,1,0,0,0,0,0,0,0,0
2F6VA,4,0,0,0,2,0,0,0,0,2,1,2,0,0,0,0,0,0,0,0,0,0,0,0
2F6VA,5,0,1,0,0,0,1,0,0,1,1,1,0,1,0,1,0,0,0,0,2,0,0,0
2F6VA,6,0,1,0,1,0,1,2,0,0,1,1,0,1,0,1,0,0,0,1,0,0,0,0
2F6VA,7,0,2,0,0,0,0,2,0,0,0,1,0,0,0,1,0,0,0,0,0,0,0,0
2F6VA,8,0,0,0,0,0,0,3,0,0,1,1,1,0,0,0,0,0,0,1,0,0,0,0
2F6VA,9,0,1,0,1,0,0,0,0,0,0,0,0,1,1,0,0,0,0,0,0,0,0,0
2F6VA,10,0,0,0,0,0,0,1,0,0,1,0,0,0,0,4,1,0,1,0,0,0,0,0
2F6VA,11,0,1,1,2,0,1,0,0,0,1,0,0,0,0,0,1,0,0,0,1,0,0,0
2F6VA,12,0,0,1,0,0,1,1,0,0,1,0,0,0,0,0,1,1,0,0,0,0,0,0
2F6VA,13,1,1,1,0,0,0,0,0,0,1,2,0,0,1,0,0,0,0,0,0,0,0,0
2F6VA,14,0,1,0,1,0,0,1,0,0,0,0,0,1,2,1,0,0,0,1,0,0,0,0
2F6VA,15,0,1,0,0,0,0,0,0,0,0,0,0,0,0,0,2,1,0,0,0,0,0,0
2F6VA,16,0,1,0,0,0,2,0,1,0,2,1,0,0,2,1,0,0,0,1,1,0,0,0
2F6VA,17,0,0,0,0,0,2,0,0,0,0,2,0,0,1,0,0,1,0,0,0,0,0,0
2F6VA,18,1,0,0,0,0,0,1,0,0,0,0,0,0,1,1,0,1,0,0,0,0,0,0
2GFCA,1,0,0,0,0,0,0,1,0,1,2,1,0,2,0,1,0,1,2,1,0,0,0,0
2GFCA,2,1,0,1,1,0,0,4,2,0,2,1,2,1,0,0,2,0,1,3,0,0,0,0
2GFCA,3,0,1,0,2,1,0,0,1,1,2,0,0,0,0,0,1,0,1,1,0,0,0,0
2GFCA,4,2,1,0,1,0,1,1,0,0,1,4,0,3,1,0,0,0,2,0,0,0,0,0
2GFCA,5,0,1,0,0,0,0,0,0,0,0,2,0,2,2,1,0,0,2,1,0,0,0,0
2GFCA,6,0,0,0,0,1,1,0,1,0,2,0,0,2,1,0,0,0,1,0,0,0,0,0
2GFCA,7,1,1,0,0,0,2,1,0,0,0,1,0,0,0,0,0,0,1,1,0,0,0,0
2GFCA,8,0,0,0,0,0,1,1,0,0,0,0,0,0,1,1,0,0,0,0,0,0,0,0
2GFCA,9,0,0,0,1,0,2,1,0,0,0,0,0,0,1,0,0,0,1,1,0,0,0,0
2GFCA,10,0,1,0,1,0,0,0,0,1,0,0,0,1,1,0,2,0,0,0,0,0,0,0
2GFCA,11,0,0,1,1,0,0,0,1,1,1,1,0,0,0,0,0,0,0,1,1,0,0,0
2GFCA,12,0,2,1,1,0,0,2,1,1,1,1,0,1,0,0,1,0,0,1,0,0,0,0
2GFCA,13,0,0,0,0,0,1,0,0,0,3,2,0,1,0,0,0,0,0,2,0,0,0,0
2GFCA,14,0,1,1,1,0,1,0,1,0,1,0,0,1,0,0,0,0,0,1,0,0,0,0
2GFCA,15,0,1,0,0,0,0,3,0,0,0,1,0,0,0,0,1,0,1,0,0,0,0,0
2GFCA,16,0,0,0,1,0,1,0,0,0,0,0,1,0,0,0,0,0,0,0,1,0,0,0
2GFCA,17,0,0,0,0,0,0,1,0,0,0,0,0,1,1,1,0,0,0,1,1,0,0,0
2GFCA,18,0,0,0,0,0,1,0,0,0,0,1,0,2,0,0,0,0,0,0,0,0,0,0
2GFCA,19,1,0,0,0,0,0,1,0,0,1,0,0,1,0,1,1,0,0,0,0,0,0,0
2GFCA,20,0,0,0,0,0,0,1,2,0,1,1,0,0,0,1,0,1,0,0,1,0,0,0
2GFCA,21,0,2,0,0,0,0,0,0,1,0,0,0,1,0,1,0,0,0,0,2,0,0,0
2GFCA,22,0,0,1,0,0,0,0,3,0,0,0,0,1,2,0,0,0,1,0,0,0,0,0
2GFCA,23,0,0,1,1,0,0,2,0,0,0,1,0,1,0,0,1,0,1,0,0,0,0,0
2GFCA,24,0,2,1,0,0,0,0,0,1,0,1,0,3,0,2,0,0,0,0,1,0,0,0
2H4EB,1,2,1,1,1,0,0,0,0,1,0,1,0,0,0,1,0,0,1,0,0,0,0,0
2H4EB,2,1,1,1,0,0,0,1,0,0,0,0,0,1,2,0,0,0,1,0,0,0,0,0
2H4EB,3,2,0,0,0,0,0,0,0,0,1,1,0,0,0,1,1,0,0,0,0,0,0,0
2H4EB,4,1,0,0,1,0,0,0,1,0,2,0,0,0,0,1,0,0,0,0,0,0,0,0
2IYTA,1,0,0,0,0,0,0,0,3,0,1,1,0,0,1,1,0,0,0,0,0,0,0,0
2IYTA,2,3,1,0,1,0,0,0,0,0,1,0,0,0,0,0,0,0,0,1,0,0,0,0
2IYTA,3,1,2,0,0,0,0,0,0,0,1,0,0,0,0,0,1,0,0,1,0,0,0,0
2IYTA,4,1,2,0,0,0,0,0,2,0,1,0,0,0,2,0,1,0,0,1,0,0,0,0
2IYTA,5,1,1,0,0,0,1,0,0,0,2,1,0,0,1,0,0,0,0,2,0,0,0,0
2IYTA,6,2,1,0,0,0,0,0,0,0,1,0,0,0,0,0,0,0,0,0,0,0,0,0
2IYTA,7,1,1,1,1,0,0,1,0,1,0,0,1,0,0,1,0,0,0,0,0,0,0,0
2IYTA,8,0,2,0,1,0,0,0,0,1,0,0,0,0,0,0,1,0,0,1,0,0,0,0
2OHGA,1,1,0,1,1,2,0,1,4,0,1,0,1,0,0,2,4,0,1,2,1,0,0,0
2OHGA,2,0,0,0,1,0,0,0,1,0,3,1,0,1,1,0,0,1,0,1,0,0,0,0
2OHGA,3,0,0,0,0,0,0,0,1,0,0,1,0,0,0,0,1,1,0,1,0,0,0,0
2OHGA,4,1,0,1,1,0,1,1,1,0,0,1,0,0,0,0,1,0,0,0,1,0,0,0
2OHGA,5,0,1,0,0,1,0,0,0,1,1,0,0,0,0,0,0,0,0,0,0,0,0,0
2OHGA,6,0,1,1,0,0,0,1,0,0,0,0,0,2,0,0,0,0,0,1,1,0,0,0
2OHGA,7,1,0,0,0,0,0,0,0,1,1,2,0,0,0,1,1,1,0,0,0,0,0,0
2OHGA,8,0,0,1,0,0,0,1,0,0,1,0,0,1,0,0,1,0,0,0,0,0,0,0
2OHGA,9,1,2,0,1,1,0,1,0,0,1,0,0,0,1,0,1,0,0,0,0,0,0,0
2OHGA,10,0,0,1,2,0,0,0,0,0,0,0,1,0,0,0,0,0,0,0,0,0,0,0
2OHGA,11,1,0,0,1,0,0,0,0,0,1,0,0,0,0,0,2,0,0,0,0,0,0,0
2OHGA,12,1,1,0,0,0,1,1,0,0,0,0,0,0,0,1,0,0,0,1,0,0,0,0
2OHGA,13,0,0,1,0,0,0,1,1,2,0,0,0,1,0,0,0,0,0,1,0,0,0,0
2OHGA,14,2,1,0,0,0,0,0,1,1,0,3,1,0,0,1,1,0,0,1,0,0,0,0
2OHGA,15,0,0,0,1,0,1,0,1,1,0,2,0,0,0,0,0,0,0,0,0,0,0,0
2Q8FA,1,0,1,1,0,0,0,0,0,1,1,0,0,0,2,2,0,0,0,0,0,0,0,0
2Q8FA,2,0,1,0,1,0,1,1,1,0,1,0,0,0,2,1,1,0,1,0,0,0,0,0
2Q8FA,3,2,1,1,0,0,0,1,3,0,4,1,0,1,3,1,0,0,1,1,1,0,0,0
2Q8FA,4,0,3,0,1,0,1,0,0,0,2,0,1,0,1,0,0,0,0,0,0,0,0,0
2Q8FA,5,0,1,0,2,0,1,0,0,1,1,1,0,1,0,0,0,0,0,0,0,0,0,0
2Q8FA,6,0,0,0,3,0,0,1,0,0,0,1,0,1,0,0,1,0,0,0,0,0,0,0
2Q8FA,7,0,0,0,0,0,1,2,0,0,1,1,0,0,0,0,0,0,0,1,1,0,0,0
2Q8FA,8,0,0,2,0,0,1,2,1,0,2,0,0,0,1,0,0,0,0,1,0,0,0,0
2Q8FA,9,2,0,0,0,0,0,0,1,1,0,0,0,1,0,1,1,0,0,0,0,0,0,0
2Q8FA,10,0,0,0,0,0,2,0,0,0,3,0,0,3,0,1,1,0,0,0,1,0,0,0
2Q8FA,11,0,0,2,1,1,0,1,0,0,0,0,0,0,0,0,0,0,0,1,1,0,0,0
2Q8FA,12,0,0,0,1,0,2,0,1,0,0,0,0,0,0,0,0,0,0,0,0,0,0,0
2Q8FA,13,0,0,1,0,0,2,0,0,0,0,0,0,0,0,1,0,0,1,0,0,0,0,0
2Q8FA,14,0,0,0,0,0,0,0,0,0,0,1,0,0,0,0,1,0,0,0,1,0,0,0
2Q8FA,15,0,2,1,1,0,0,0,0,0,0,0,0,0,0,0,0,0,0,0,0,0,0,0
2Q8FA,16,0,0,0,0,0,0,1,0,1,0,1,0,0,0,0,1,0,0,0,0,0,0,0
2Q8FA,17,1,1,1,1,0,0,0,2,1,1,0,0,0,0,0,0,0,0,1,0,0,0,0
2Q8FA,18,0,0,0,0,0,0,0,0,0,0,1,0,0,0,0,2,0,0,1,1,0,0,0
2Q8FA,19,1,3,0,0,0,0,0,0,0,0,0,0,0,1,0,1,0,0,1,0,0,0,0
2Q8FA,20,1,0,0,0,1,0,1,0,1,0,0,0,0,0,0,0,0,1,0,0,0,0,0
2Q8FA,21,0,0,0,0,0,1,0,2,0,1,1,0,1,0,0,0,0,0,0,0,0,0,0
2Q8FA,22,0,1,0,0,0,0,2,0,0,1,1,0,0,0,0,0,0,1,0,0,0,0,0
2Q8FA,23,0,0,1,0,0,0,0,0,0,0,1,0,0,0,0,0,1,1,0,0,0,0,0
2Q8FA,24,0,0,0,1,0,0,0,0,0,0,1,0,1,0,0,0,0,1,0,0,0,0,0
2Q8FA,25,0,0,0,1,0,1,0,0,1,0,1,1,0,1,0,0,0,0,2,0,0,0,0
2Q8FA,26,0,1,1,0,0,0,1,0,0,0,0,0,0,1,1,1,0,0,0,0,0,0,0
2QFOB,1,0,0,0,1,0,1,2,0,0,2,2,0,0,0,0,1,0,0,0,1,0,0,0
2QFOB,2,2,0,2,0,0,0,0,0,1,0,0,0,2,0,0,0,0,0,0,0,0,0,0
2QFOB,3,0,0,0,1,0,0,1,0,0,0,1,0,0,0,0,0,0,1,0,0,0,0,0
2QFOB,4,1,0,1,3,0,0,1,5,2,2,1,0,1,0,2,2,0,0,2,1,0,0,0
2QFOB,5,2,0,0,0,0,0,0,2,1,0,0,1,1,0,1,0,0,0,0,0,0,0,0
2QFOB,6,1,0,0,1,0,0,0,0,1,2,0,0,0,0,0,1,0,0,0,0,0,0,0
2QFOB,7,0,2,0,0,0,0,2,0,0,0,0,0,0,0,0,0,0,0,0,0,0,0,0
2QFOB,8,1,0,0,0,0,1,0,1,1,0,0,0,1,0,1,0,0,0,0,0,0,0,0
2QFOB,9,1,0,2,0,0,0,0,0,1,0,1,0,0,0,1,1,0,0,0,0,0,0,0
2QFOB,10,1,0,0,0,0,0,1,0,0,0,0,0,1,0,3,1,0,0,0,0,0,0,0
2QFOB,11,0,0,0,0,0,1,0,0,1,0,1,0,0,0,1,0,0,1,1,0,0,0,0
2QFOB,12,0,0,0,0,0,0,0,0,1,1,2,0,0,0,0,0,0,0,1,0,0,0,0
2QFOB,13,0,0,0,0,0,0,3,0,0,1,0,0,1,1,0,0,0,0,1,0,0,0,0
2QFOB,14,0,1,0,0,0,1,1,1,0,0,0,0,0,0,1,0,0,0,0,0,0,0,0
2QLRC,1,0,0,0,1,0,1,0,0,1,2,0,0,0,2,2,1,0,1,0,1,0,0,0
2QLRC,2,3,1,0,0,0,1,0,0,1,2,0,2,0,0,1,0,0,0,0,0,0,0,0
2QLRC,3,1,0,1,0,1,1,0,0,1,1,0,0,0,0,1,0,0,1,1,1,0,0,0
2QLRC,4,0,0,0,0,1,2,0,1,0,1,0,0,1,0,1,1,0,1,0,0,0,0,0
2QLRC,5,0,0,1,1,0,0,2,0,0,0,1,0,0,1,1,1,2,0,0,1,0,0,0
2QLRC,6,0,0,1,2,0,0,0,1,0,0,0,0,0,1,1,2,0,0,1,0,0,0,0
2QLRC,7,1,0,0,0,0,1,1,1,0,1,0,0,0,0,1,0,0,0,2,0,0,0,0
2QLRC,8,1,1,1,1,0,0,0,0,0,0,1,1,0,1,0,0,0,0,0,0,0,0,0
2QLRC,9,0,0,1,1,0,0,0,0,1,0,1,0,1,0,1,0,0,0,0,0,0,0,0
2QLRC,10,0,0,1,0,0,1,0,0,0,1,1,0,1,1,2,1,0,0,2,0,0,0,0
2QLRC,11,0,0,0,0,0,1,1,0,1,0,1,0,0,0,0,1,0,0,0,1,0,0,0
2QLRC,12,1,1,0,1,0,0,2,0,0,1,1,1,0,0,0,0,0,0,0,0,0,0,0
2QLRC,13,2,1,0,0,0,0,1,0,0,0,0,0,0,1,0,0,0,1,0,0,0,0,0
2QLRC,14,0,1,0,1,0,1,0,0,0,0,0,1,0,0,0,0,0,1,1,0,0,0,0
2QLRC,15,0,0,0,0,0,0,0,0,3,2,0,1,0,0,0,0,0,0,1,0,0,0,0
2QLRC,16,0,0,1,0,0,0,1,0,0,0,2,1,2,1,0,0,0,0,0,0,0,0,0
2QLRC,17,1,0,0,1,0,0,1,0,0,0,0,0,0,0,0,1,0,0,0,0,0,0,0
2QLRC,18,0,0,0,0,0,2,0,0,0,1,0,1,0,0,0,0,0,0,1,0,0,0,0
2QLRC,19,0,0,0,0,0,1,0,0,0,1,0,0,1,1,0,0,0,0,0,0,0,0,0
2QLRC,20,1,0,1,0,0,0,1,0,0,1,1,0,0,1,0,0,0,0,0,0,0,0,0
2QLRC,21,0,1,0,0,0,0,2,0,0,1,0,0,0,0,0,0,0,0,0,0,0,0,0
2QLRC,22,3,0,0,0,0,0,0,0,0,0,1,0,0,1,0,0,0,0,0,0,0,0,0
2QLRC,23,1,0,0,0,0,0,0,0,0,0,0,1,2,0,0,1,0,0,0,0,0,0,0
2QLRC,24,0,0,0,0,0,0,0,1,0,2,0,0,0,0,1,1,0,0,0,0,0,0,0
2WGBA,1,1,0,1,2,0,0,1,1,4,0,0,0,0,0,1,0,1,0,1,1,0,0,0
2WGBA,2,1,1,0,0,0,0,0,0,1,3,0,0,0,1,0,0,0,1,1,1,0,0,0
2WGBA,3,1,3,0,0,0,0,1,0,0,1,0,0,0,0,1,0,0,0,1,1,0,0,0
2WGBA,4,0,0,0,2,0,0,0,0,1,4,0,1,0,1,0,0,0,0,1,1,0,0,0
2WGBA,5,1,2,0,0,0,0,0,0,0,0,0,0,0,0,0,0,0,1,0,1,0,0,0
2WGBA,6,2,0,0,0,0,0,1,0,0,3,1,0,1,0,1,0,0,1,0,0,0,0,0
2WGBA,7,2,0,0,0,0,0,0,1,0,2,0,0,0,0,3,1,1,1,1,0,0,0,0
2WGBA,8,2,1,0,1,0,0,0,0,0,1,0,0,0,0,1,0,0,0,0,0,0,0,0
2WGBA,9,1,0,1,0,0,0,0,1,0,1,0,0,0,2,1,0,0,1,1,0,0,0,0
2WGBA,10,3,0,0,0,0,0,0,1,2,1,0,1,0,0,0,0,0,0,0,0,0,0,0
2WGBA,11,1,3,0,1,0,0,1,0,0,1,0,0,0,0,0,0,0,1,0,1,0,0,0
2WGBA,12,0,1,0,0,0,0,1,0,0,0,0,0,0,1,0,0,0,0,1,0,0,0,0
2WGQB,1,1,2,2,4,0,0,4,2,5,4,2,3,1,4,5,2,0,3,1,1,0,0,0
2WGQB,2,0,0,1,0,0,0,1,1,2,1,1,0,0,1,1,0,1,1,0,0,0,0,0
2WGQB,3,2,0,0,0,0,0,1,0,0,0,0,0,0,0,0,1,1,1,0,2,0,0,0
2WGQB,4,1,0,0,3,0,1,0,0,3,0,2,0,0,1,0,0,1,0,0,2,0,0,0
2WGQB,5,0,0,0,1,0,0,1,0,3,0,1,0,0,0,1,0,0,1,0,0,0,0,0
2WGQB,6,0,0,1,2,0,0,1,1,1,3,0,0,0,0,0,0,0,0,0,0,0,0,0
2WGQB,7,0,1,0,0,0,0,0,1,0,1,0,1,0,0,0,3,0,0,0,0,0,0,0
2WGQB,8,1,0,0,1,0,0,1,0,0,3,0,1,2,0,0,2,0,2,1,0,0,0,0
2WGQB,9,1,1,1,0,0,0,0,1,1,0,1,0,1,1,0,0,0,1,0,0,0,0,0
2WGQB,10,0,0,3,1,0,0,1,0,0,0,1,1,2,1,0,2,0,0,0,0,0,0,0
2WGQB,11,0,0,2,0,0,0,2,0,1,0,2,0,0,0,1,0,0,0,0,0,0,0,0
2WGQB,12,1,0,0,2,0,1,1,2,1,1,1,0,3,1,0,1,0,3,0,0,0,0,0
2WGQB,13,0,1,1,2,0,0,1,0,0,1,0,0,0,1,1,0,0,0,0,0,0,0,0
2WGQB,14,0,0,0,0,0,1,1,0,0,0,0,1,0,1,0,0,0,0,0,1,0,0,0
2WGQB,15,0,2,1,2,0,0,1,0,0,0,1,0,1,0,0,0,0,0,1,0,0,0,0
2WGQB,16,1,0,0,1,0,0,2,0,0,1,2,0,0,0,0,0,1,0,0,0,0,0,0
2WGQB,17,0,1,2,0,0,0,3,0,0,0,0,0,0,1,0,2,0,1,0,1,0,0,0
2WGQB,18,0,0,0,0,0,1,1,1,0,0,1,0,0,0,0,1,0,1,0,0,0,0,0
2WGQB,19,0,0,1,0,0,1,0,0,0,1,0,1,0,1,2,0,1,0,1,0,0,0,0
2WGQB,20,0,1,1,1,0,0,1,0,0,0,0,0,0,2,0,1,0,0,0,1,0,0,0
2WGQB,21,0,1,0,0,0,2,0,1,0,0,0,0,1,1,0,1,0,2,0,1,0,0,0
2WGQB,22,0,0,0,2,0,2,0,0,0,1,0,0,0,0,0,1,1,0,0,0,0,0,0
2WGQB,23,1,0,0,1,0,0,0,0,0,0,2,0,1,1,0,0,0,1,1,0,0,0,0
2WGQB,24,1,0,0,1,0,1,0,1,0,0,1,0,0,0,2,0,1,1,0,0,0,0,0
2WGQB,25,0,1,1,0,0,0,2,0,2,0,0,0,0,0,0,0,0,1,0,0,0,0,0
2WGQB,26,1,1,1,1,0,0,0,0,0,0,1,1,0,2,0,1,0,0,1,1,0,0,0
2WGQB,27,1,1,0,1,0,2,1,1,1,0,2,0,0,0,1,2,0,1,0,1,0,0,0
2WGQB,28,0,1,1,2,0,0,0,3,4,0,1,0,1,0,1,3,1,0,0,0,0,0,0
2WGQB,29,3,1,1,2,0,2,1,2,3,1,2,1,1,2,1,0,0,0,0,0,0,0,0
2WGQB,30,1,0,0,2,0,1,0,1,0,0,1,0,3,0,0,0,0,0,0,0,0,0,0
2WGQB,31,0,0,0,1,0,1,0,1,0,0,0,0,0,0,1,0,0,0,0,2,0,0,0
2WGQB,32,0,0,1,2,0,0,0,1,0,0,2,0,0,1,0,1,0,0,2,0,0,0,0
2WGQB,33,0,2,0,2,0,0,0,0,0,0,0,0,0,0,0,0,1,0,0,0,0,0,0
2WGQB,34,1,1,3,2,0,0,1,1,0,1,0,0,1,1,0,1,0,1,0,0,0,0,0
2YQCA,1,2,0,3,1,1,2,1,3,1,0,3,2,1,3,2,0,0,1,2,0,0,0,0
2YQCA,2,2,1,1,1,1,1,1,0,2,3,1,0,1,0,1,1,0,0,1,0,0,0,0
2YQCA,3,0,0,1,2,0,0,1,0,0,0,4,1,1,1,1,0,0,1,0,0,0,0,0
2YQCA,4,1,0,1,1,0,0,2,0,1,1,3,0,1,0,1,0,0,1,0,1,0,0,0
2YQCA,5,0,2,0,0,0,0,1,0,0,1,0,0,1,0,0,0,0,0,0,1,0,0,0
2YQCA,6,0,0,1,0,0,2,0,0,1,3,1,0,0,0,0,0,0,1,0,0,0,0,0
2YQCA,7,0,0,0,0,0,2,2,0,2,3,2,0,1,1,2,2,1,0,0,0,0,0,0
2YQCA,8,0,0,1,0,0,2,0,2,0,0,0,0,0,1,2,1,0,0,0,0,0,0,0
2YQCA,9,0,0,2,0,0,0,0,2,1,0,2,0,0,1,0,0,0,0,0,0,0,0,0
2YQCA,10,0,0,0,1,0,0,1,1,2,1,1,0,0,1,0,1,0,1,0,0,0,0,0
2YQCA,11,0,0,0,2,0,2,1,0,2,0,1,0,0,0,0,0,0,1,0,0,0,0,0
2YQCA,12,0,0,0,1,0,1,1,1,0,1,2,0,1,0,0,0,0,0,0,0,0,0,0
2YQCA,13,1,0,2,2,0,0,0,2,0,1,1,0,1,0,0,1,0,0,0,0,0,0,0
2YQCA,14,0,0,0,1,0,1,0,0,1,0,1,0,1,0,0,0,0,1,0,0,0,0,0
2YQCA,15,0,3,0,1,0,0,0,0,0,1,0,0,0,0,0,0,0,0,1,0,0,0,0
2YQCA,16,0,0,0,0,0,0,1,0,1,0,1,0,0,0,1,0,0,0,1,1,0,0,0
2YQCA,17,0,0,1,0,0,0,2,1,0,0,0,0,2,0,0,0,0,0,2,1,0,0,0
2ZB1A,1,4,0,1,3,0,0,1,2,0,6,2,1,1,0,1,1,0,1,2,2,0,0,0
2ZB1A,2,0,0,0,0,0,0,0,1,0,2,3,1,1,1,0,0,0,0,2,2,0,0,0
2ZB1A,3,0,2,0,0,0,1,1,1,2,1,0,0,1,0,0,0,0,1,0,0,0,0,0
2ZB1A,4,0,1,1,2,0,1,0,0,1,0,0,0,0,0,1,1,0,1,0,1,0,0,0
2ZB1A,5,0,1,1,0,0,0,1,0,0,0,0,0,0,0,1,0,0,0,0,0,0,0,0
2ZB1A,6,2,0,0,0,0,0,0,1,0,0,0,0,1,1,0,0,0,0,0,0,0,0,0
2ZB1A,7,1,2,1,1,0,0,1,0,0,0,0,0,0,1,0,1,0,0,0,0,0,0,0
2ZB1A,8,1,0,0,1,0,0,0,1,1,2,0,0,1,0,0,1,0,0,2,0,0,0,0
2ZB1A,9,0,0,0,1,0,0,0,0,0,0,1,0,0,0,0,0,0,1,1,1,0,0,0
2ZB1A,10,1,0,1,0,0,0,0,0,1,2,0,0,0,0,2,0,1,1,0,0,0,0,0
2ZB1A,11,0,1,0,0,0,0,0,0,0,1,1,0,0,0,0,1,0,0,0,0,0,0,0
2ZB1A,12,0,0,0,1,0,0,0,0,0,1,1,0,0,0,0,0,0,0,0,0,0,0,0
2ZB1A,13,0,1,0,0,0,0,0,0,0,3,0,1,1,0,0,0,0,0,0,0,0,0,0
2ZB1A,14,0,0,0,1,0,0,1,1,0,2,0,0,0,1,0,1,0,0,2,0,0,0,0
2ZB1A,15,0,1,1,1,0,0,0,0,0,1,1,0,0,0,2,1,0,0,0,0,0,0,0
2ZB1A,16,0,0,0,0,0,1,0,0,0,3,1,0,0,0,0,1,0,0,1,0,0,0,0
2ZB1A,17,0,0,1,0,0,0,1,1,0,0,1,0,0,0,0,1,0,0,1,0,0,0,0
2ZB1A,18,0,1,1,2,0,1,2,0,0,1,1,1,1,0,0,0,0,2,0,1,0,0,0
2ZB1A,19,0,0,0,0,0,0,1,0,0,1,0,0,0,0,1,0,0,0,0,0,0,0,0
2ZB1A,20,1,0,1,0,0,1,1,1,1,0,0,0,0,0,0,0,0,0,1,0,0,0,0
2ZB1A,21,1,0,0,0,0,1,0,1,1,2,0,0,0,1,0,1,0,0,0,0,0,0,0
2ZB1A,22,2,0,0,0,0,1,0,0,0,0,1,0,0,0,1,1,0,0,0,1,0,0,0
2ZB1A,23,0,1,0,1,0,0,0,0,0,1,0,0,0,3,0,1,0,0,0,1,0,0,0
2ZB1A,24,0,0,0,1,0,0,0,0,1,1,0,0,0,0,0,0,0,0,0,0,0,0,0
2ZB1A,25,1,2,0,1,0,0,1,0,1,0,1,0,2,2,0,1,0,1,2,0,0,0,0
3B7DE,1,1,0,1,0,0,0,2,3,0,3,1,1,0,1,2,4,0,4,0,0,0,0,0
3B7DE,2,0,0,0,0,0,0,1,2,1,0,2,0,0,1,0,1,0,0,0,0,0,0,0
3B7DE,3,2,1,0,0,0,0,1,0,1,1,1,1,0,0,1,1,0,1,1,0,0,0,0
3B7DE,4,0,0,1,0,0,0,1,0,0,1,2,0,0,0,3,0,0,0,0,0,0,0,0
3B7DE,5,0,0,1,1,0,0,0,2,1,0,1,0,1,0,2,1,0,0,1,0,0,0,0
3B7DE,6,0,0,0,0,0,1,1,0,0,1,2,0,0,0,0,0,0,0,0,0,0,0,0
3B7DE,7,0,0,1,1,0,0,0,0,0,1,1,1,1,1,1,0,0,0,0,0,0,0,0
3B7DE,8,0,1,0,0,0,0,1,0,0,0,1,1,0,0,0,0,1,1,0,0,0,0,0
3B7DE,9,0,0,1,1,0,0,1,2,1,0,0,0,0,0,0,0,1,1,0,0,0,0,0
3B7DE,10,2,3,0,1,0,0,1,2,0,0,0,0,0,0,1,1,1,0,1,0,0,0,0
3BL9B,1,1,2,0,1,0,1,1,2,0,5,0,0,0,3,1,0,0,2,0,1,0,0,0
3BL9B,2,0,0,0,1,0,2,0,0,0,1,0,0,1,1,0,1,0,0,0,0,0,0,0
3BL9B,3,0,1,0,0,0,0,0,0,0,3,0,0,0,1,1,0,0,0,0,2,0,0,0
3BL9B,4,0,1,1,1,0,1,0,0,0,0,0,0,0,0,0,0,0,0,0,0,0,0,0
3BL9B,5,0,1,0,0,0,1,1,1,1,2,0,0,0,0,2,0,1,2,0,0,0,0,0
3BL9B,6,0,0,0,0,0,3,0,1,0,1,0,0,0,1,0,0,0,0,0,0,0,0,0
3BL9B,7,1,0,0,0,0,1,0,0,0,0,0,0,1,0,0,0,0,0,1,0,0,0,0
3BL9B,8,1,0,0,0,0,0,1,0,2,1,1,0,0,0,1,0,0,0,1,0,0,0,0
3BL9B,9,0,1,0,0,0,0,1,0,0,2,0,0,0,0,0,1,0,0,1,0,0,0,0
3BL9B,10,1,0,0,1,0,0,0,0,0,2,0,1,0,0,0,0,0,0,0,1,0,0,0
3BL9B,11,0,2,0,1,0,1,0,0,0,1,1,0,0,0,0,0,0,0,1,0,0,0,0
3BL9B,12,1,1,1,0,0,0,1,0,0,2,0,0,0,0,1,0,0,1,2,1,0,0,0
3BL9B,13,0,0,1,0,0,0,1,0,1,1,0,0,0,1,1,0,0,0,0,1,0,0,0
3BL9B,14,1,0,0,0,0,1,1,0,0,0,0,0,1,0,0,0,0,0,0,1,0,0,0
3BL9B,15,1,0,0,2,0,0,0,0,0,0,1,0,1,0,0,0,1,1,0,0,0,0,0
3BL9B,16,1,3,0,0,0,0,2,2,0,0,0,0,0,1,2,0,0,0,0,0,0,0,0
3BL9B,17,0,1,0,1,0,1,0,0,0,2,0,0,0,0,0,0,0,0,0,0,0,0,0
3BL9B,18,0,0,0,0,0,1,1,0,0,1,0,0,0,0,0,0,0,0,0,1,0,0,0
3BL9B,19,0,1,0,1,0,0,1,0,4,1,0,0,0,1,0,0,1,0,0,0,0,0,0
3BL9B,20,0,0,0,0,0,0,1,1,0,0,0,0,1,2,1,0,0,0,0,0,0,0,0
3BL9B,21,1,0,0,0,0,0,0,0,0,1,0,0,1,0,0,0,0,0,2,0,0,0,0
3BL9B,22,0,0,1,1,0,0,0,0,0,1,2,0,0,1,0,1,0,0,1,0,0,0,0
3CHEA,1,1,1,0,2,0,0,1,2,0,0,1,1,2,1,0,1,3,5,0,0,0,0,0
3CHEA,2,0,0,0,2,0,1,0,0,0,2,0,1,0,0,1,0,0,1,0,0,0,0,0
3CHEA,3,2,0,0,0,0,1,1,0,0,0,2,0,0,0,0,1,0,0,1,0,0,0,0
3CHEA,4,0,1,0,2,0,0,1,0,0,0,0,0,0,0,1,0,3,1,2,0,0,0,0
3CHEA,5,1,0,0,0,0,0,2,0,0,0,0,0,0,1,1,1,2,1,0,0,0,0,0
3CHEA,6,0,0,0,0,0,0,0,0,0,2,0,0,1,2,2,0,0,1,0,0,0,0,0
3CHEA,7,0,0,0,0,0,0,1,0,0,1,2,0,0,0,0,1,0,1,1,0,0,0,0
3CHEA,8,0,1,1,0,0,1,0,0,0,0,0,0,0,0,1,0,0,0,0,0,0,0,0
3CHEA,9,0,0,2,0,0,1,0,0,0,0,0,0,1,0,0,1,0,0,0,0,0,0,0
3CHEA,10,0,1,1,2,0,0,0,1,1,0,2,0,0,1,3,1,0,0,0,1,0,0,0
3CJ0A,1,0,2,1,0,0,0,0,0,0,2,0,1,1,0,2,0,1,1,0,1,0,0,0
3CJ0A,2,0,1,0,2,1,1,0,3,2,0,0,0,1,3,1,0,0,0,1,1,0,0,0
3CJ0A,3,0,2,0,0,0,2,1,0,0,0,1,0,0,1,0,1,0,0,0,0,0,0,0
3CJ0A,4,0,3,2,2,1,0,0,1,0,1,0,0,2,0,3,1,0,1,1,0,0,0,0
3CJ0A,5,0,0,0,0,0,0,2,0,0,1,1,0,0,0,1,0,0,2,0,0,0,0,0
3CJ0A,6,1,1,0,0,0,0,1,0,0,1,0,0,0,2,0,1,0,0,0,0,0,0,0
3CJ0A,7,2,0,0,2,0,0,0,0,0,1,2,0,0,0,0,0,0,0,0,0,0,0,0
3CJ0A,8,1,2,1,3,1,0,0,0,1,1,2,0,2,1,2,2,0,0,2,1,0,0,0
3CJ0A,9,0,0,1,0,0,0,0,0,1,2,0,0,0,0,2,0,0,0,1,0,0,0,0
3CJ0A,10,1,0,0,0,0,0,0,1,0,1,0,0,0,2,1,0,0,2,1,1,0,0,0
3CJ0A,11,2,1,1,0,0,0,4,0,0,0,0,0,0,1,1,1,1,0,2,0,0,0,0
3CJ0A,12,0,0,0,0,0,0,1,0,0,2,0,1,0,0,1,0,1,0,0,1,0,0,0
3CJ0A,13,0,1,0,0,0,0,1,0,0,0,0,1,0,0,1,0,0,1,2,0,0,0,0
3CJ0A,14,0,0,0,2,0,1,1,0,1,1,0,0,1,2,1,0,0,0,0,0,0,0,0
3CJ0A,15,1,1,0,0,0,0,0,0,0,1,2,0,0,0,0,0,0,0,0,0,0,0,0
3CJ0A,16,0,1,0,0,0,0,0,0,0,0,0,0,0,0,3,1,1,0,1,2,0,0,0
3CJ0A,17,0,2,2,0,0,0,0,1,0,0,0,1,0,1,1,1,0,0,1,0,0,0,0
3CJ0A,18,0,1,0,0,2,0,0,0,0,1,1,0,0,0,1,0,0,0,0,0,0,0,0
3CJ0A,19,0,2,1,0,0,0,1,0,0,1,0,0,0,0,0,1,0,0,0,1,0,0,0
3CJ0A,20,0,1,1,0,1,0,0,0,0,1,0,1,1,0,1,0,0,1,0,0,0,0,0
3CJ0A,21,0,0,1,0,0,0,2,1,0,1,0,0,0,0,2,0,0,0,0,0,0,0,0
3CJ0A,22,1,1,0,0,0,0,0,0,0,2,0,0,0,1,0,0,0,0,1,0,0,0,0
3CJ0A,23,0,0,0,0,0,1,0,1,0,0,1,0,0,0,0,1,0,0,0,0,0,0,0
3CJ0A,24,1,2,0,0,0,0,0,0,0,0,1,0,0,0,2,2,0,1,0,0,0,0,0
3CJ0A,25,0,0,0,0,0,2,0,0,0,0,0,0,1,0,1,1,0,0,1,0,0,0,0
3CJ0A,26,0,1,0,1,0,0,0,0,0,0,0,0,1,1,1,1,0,0,0,0,0,0,0
3CJ0A,27,0,0,0,0,0,0,2,1,1,0,0,0,0,0,0,0,0,1,0,0,0,0,0
3CJ0A,28,0,1,0,0,0,2,1,1,0,1,0,0,0,0,1,0,0,0,0,0,0,0,0
3CJ0A,29,0,1,1,0,0,0,1,0,1,1,0,0,1,0,0,0,1,0,0,1,0,0,0
3CJ0A,30,0,0,0,3,0,0,0,0,0,1,0,0,0,0,2,1,0,1,0,0,0,0,0
3CJ0A,31,1,1,0,0,0,0,0,1,1,1,1,0,0,1,1,1,0,0,0,0,0,0,0
3DXNA,1,0,2,1,1,1,1,1,0,2,2,0,0,1,0,1,0,0,2,0,0,0,0,0
3DXNA,2,0,0,1,1,0,0,2,2,0,2,1,1,1,0,1,0,0,2,2,0,0,0,0
3DXNA,3,0,0,0,1,0,0,0,0,0,3,0,2,1,0,0,0,0,0,1,0,0,0,0
3DXNA,4,1,1,0,2,0,1,1,0,1,2,0,0,1,0,2,0,0,0,1,0,0,0,0
3DXNA,5,0,0,0,0,1,1,0,1,2,0,1,0,0,0,0,0,0,1,0,0,0,0,0
3DXNA,6,0,0,0,1,0,0,1,0,1,0,2,0,0,1,0,0,0,0,0,1,0,0,0
3DXNA,7,0,0,1,0,0,0,1,0,0,1,1,0,1,0,2,1,0,0,0,1,0,0,0
3DXNA,8,0,0,0,1,0,1,1,0,0,1,1,0,1,0,1,0,0,0,0,0,0,0,0
3DXNA,9,1,0,0,0,0,0,1,0,0,0,1,0,0,0,1,1,0,0,0,1,0,0,0
3DXNA,10,0,0,0,0,1,1,0,0,0,0,1,0,0,0,1,0,0,0,1,0,0,0,0
3DXNA,11,0,0,0,0,0,1,0,0,0,1,1,0,0,0,0,0,0,0,0,0,0,0,0
3DXNA,12,0,0,0,0,0,0,2,0,0,0,0,0,0,0,1,0,0,0,0,0,0,0,0
3DXNA,13,0,1,0,0,0,0,0,0,0,1,2,0,0,0,0,0,0,0,0,0,0,0,0
3DXNA,14,0,1,0,0,0,0,0,0,0,0,1,0,1,1,0,0,0,0,0,0,0,0,0
3DXNA,15,0,1,0,1,0,0,1,0,0,1,1,0,0,0,1,1,0,1,0,0,0,0,0
3F74C,1,0,0,0,3,0,1,1,0,0,1,1,0,2,0,0,0,0,0,0,0,0,0,0
3F74C,2,0,0,0,0,0,0,1,1,0,2,0,1,0,0,2,2,0,0,0,0,0,0,0
3F74C,3,1,0,0,1,0,0,1,0,0,1,2,0,1,0,0,0,1,0,0,1,0,0,0
3F74C,4,0,0,1,0,0,0,0,0,0,0,1,0,0,0,1,1,0,1,0,0,0,0,0
3F74C,5,0,0,0,2,0,1,1,1,1,0,1,0,1,0,1,1,0,0,0,1,0,0,0
3F74C,6,0,0,0,2,0,0,0,0,0,0,2,0,0,0,0,0,0,0,0,0,0,0,0
3F74C,7,0,0,0,0,0,2,0,1,1,1,1,0,1,0,0,0,0,0,0,0,0,0,0
3F74C,8,1,1,0,1,0,0,0,0,1,0,2,0,0,0,1,0,0,0,0,1,0,0,0
3H5RA,1,0,0,0,0,0,0,1,0,0,1,3,0,1,1,1,1,0,1,1,0,0,0,0
3H5RA,2,0,2,1,0,0,1,1,0,0,0,0,0,1,0,2,1,0,0,0,0,0,0,0
3H5RA,3,0,1,0,0,0,0,0,0,0,0,0,0,0,0,0,0,0,2,0,1,0,0,0
3H5RA,4,2,0,2,1,0,0,0,3,1,0,0,0,2,0,2,0,0,1,0,1,0,0,0
3H5RA,5,2,0,1,0,0,0,0,0,2,0,1,0,0,0,1,0,0,1,0,1,0,0,0
3H5RA,6,0,0,1,0,2,0,1,0,0,0,2,0,0,0,2,0,0,0,1,0,0,0,0
3H5RA,7,0,0,0,1,0,0,1,1,0,0,0,1,0,2,0,0,0,0,0,0,0,0,0
3H5RA,8,0,0,1,0,0,0,0,3,0,0,1,0,1,0,1,0,0,2,0,0,0,0,0
3H5RA,9,0,1,0,0,0,0,0,1,1,0,0,0,0,0,0,0,1,0,2,1,0,0,0
3H5RA,10,0,0,2,1,0,1,1,0,0,0,1,0,0,0,1,1,0,1,1,0,0,0,0
3H5RA,11,0,0,0,0,0,1,1,2,1,0,1,0,0,0,1,0,0,0,0,0,0,0,0
3H5RA,12,0,0,0,0,0,0,0,1,2,0,1,0,1,1,0,0,0,1,0,0,0,0,0
3H5RA,13,0,1,0,0,0,0,0,1,0,0,0,0,0,1,0,0,0,0,0,0,0,0,0
3H5RA,14,1,0,0,1,0,0,1,0,0,0,1,0,0,0,0,0,0,0,0,0,0,0,0
3H5RA,15,0,1,0,0,0,0,0,0,0,0,1,0,0,0,0,0,0,0,0,0,0,0,0
3H5RA,16,0,0,0,0,0,0,0,0,0,0,1,0,0,0,0,0,1,1,0,0,0,0,0
3H5RA,17,0,1,0,0,0,0,0,0,0,0,1,0,0,0,1,0,0,0,0,0,0,0,0
3H5RA,18,0,0,0,0,0,0,0,0,2,2,1,0,1,0,0,0,0,0,0,0,0,0,0
3H5RA,19,0,0,0,0,1,0,0,0,1,0,0,0,0,0,0,1,0,1,0,0,0,0,0
3H5RA,20,1,0,0,0,0,0,0,0,3,1,0,0,0,0,0,0,0,1,0,0,0,0,0
3H5RA,21,1,0,0,0,0,0,0,0,1,0,0,0,0,1,0,0,1,0,2,0,0,0,0
3H5RA,22,0,1,1,0,0,2,0,0,0,0,1,0,0,0,0,0,0,1,0,0,0,0,0
3H5RA,23,1,0,0,0,1,0,0,0,1,0,1,0,0,0,0,1,0,1,0,0,0,0,0
3H5RA,24,1,0,1,0,0,0,0,2,0,1,2,0,0,0,0,0,0,2,1,0,0,0,0
3HQDA,1,0,1,1,0,0,0,1,3,0,0,1,0,1,0,2,2,0,1,0,0,0,0,0
3HQDA,2,0,1,1,2,0,1,1,1,0,1,1,0,0,0,2,0,0,0,1,0,0,0,0
3HQDA,3,0,2,0,0,1,0,0,1,0,0,0,0,1,1,0,2,0,0,0,0,0,0,0
3HQDA,4,0,1,2,0,0,0,3,2,0,2,0,0,0,0,2,1,0,1,0,0,0,0,0
3HQDA,5,1,1,0,0,0,0,1,0,1,2,0,1,1,0,2,2,0,1,0,0,0,0,0
3HQDA,6,0,3,0,2,0,1,0,2,0,0,1,0,0,0,0,0,0,1,1,0,0,0,0
3HQDA,7,0,0,0,0,0,0,1,0,0,0,1,1,1,0,1,0,0,0,0,1,0,0,0
3HQDA,8,0,0,2,0,0,0,1,0,2,0,0,0,0,0,0,0,0,0,0,1,0,0,0
3HQDA,9,1,2,1,0,0,1,1,1,0,2,0,1,0,0,0,1,0,0,0,0,0,0,0
3HQDA,10,1,1,0,0,0,0,0,0,0,1,1,0,1,2,0,1,0,0,0,0,0,0,0
3HQDA,11,1,1,0,0,0,0,1,0,0,0,0,0,0,1,0,2,0,1,0,1,0,0,0
3HQDA,12,0,0,1,0,0,0,0,1,2,2,1,0,0,1,0,0,0,0,0,0,0,0,0
3HQDA,13,0,1,0,0,0,0,1,0,0,0,1,1,0,1,0,0,0,0,0,0,0,0,0
3HQDA,14,0,1,2,1,0,1,0,0,1,0,2,0,0,0,0,0,0,0,0,0,0,0,0
3HQDA,15,0,1,0,0,0,0,1,0,0,0,0,0,1,0,1,0,0,0,1,0,0,0,0
3HQDA,16,0,0,1,0,0,0,2,1,0,0,1,0,0,0,0,1,0,0,0,0,0,0,0
3HQDA,17,0,0,0,0,1,0,0,1,0,0,0,0,1,1,1,1,0,0,1,0,0,0,0
3HQDA,18,2,1,0,0,0,0,0,1,1,2,0,0,0,0,2,0,0,0,0,1,0,0,0
3HQDA,19,0,1,1,1,0,0,1,1,3,2,1,0,0,0,3,1,0,0,2,0,0,0,0
3HQDA,20,3,0,0,0,0,0,0,1,0,1,0,0,0,0,1,1,0,0,1,0,0,0,0
3KQAB,1,1,0,1,0,0,2,1,1,1,0,2,0,1,0,1,0,0,0,0,0,0,0,0
3KQAB,2,1,2,2,3,0,1,1,1,0,1,0,0,0,2,0,1,0,1,2,1,0,0,0
3KQAB,3,0,2,2,1,0,1,1,2,1,0,2,0,0,1,1,1,0,0,1,0,0,0,0
3KQAB,4,0,2,0,0,0,0,1,2,2,1,2,0,0,0,1,1,0,0,1,0,0,0,0
3KQAB,5,0,0,0,0,0,0,2,1,1,0,1,0,0,1,0,0,1,0,2,0,0,0,0
3KQAB,6,1,1,0,0,0,0,0,1,1,1,0,0,0,1,2,0,0,0,2,1,0,0,0
3KQAB,7,1,1,1,1,0,0,1,0,0,0,0,0,0,2,0,0,0,0,1,1,0,0,0
3KQAB,8,1,3,1,3,0,0,1,0,1,1,1,0,0,0,0,0,0,0,0,0,0,0,0
3KQAB,9,0,0,0,0,1,0,2,1,0,2,0,0,0,0,0,0,0,0,0,0,0,0,0
3KQAB,10,1,0,0,0,0,0,0,0,1,0,1,0,0,0,1,1,0,0,1,0,0,0,0
3KQAB,11,0,0,0,0,0,1,1,1,0,0,1,0,0,0,0,0,0,0,0,0,0,0,0
3KQAB,12,2,1,0,0,0,0,1,0,0,0,1,0,0,0,0,1,0,0,0,0,0,0,0
3KQAB,13,2,1,0,0,0,0,0,0,0,1,0,0,0,1,0,1,0,0,1,1,0,0,0
3KQAB,14,1,2,0,0,0,0,1,2,0,1,0,0,1,0,0,0,0,0,0,0,0,0,0
3KQAB,15,0,0,0,1,0,0,1,0,0,0,1,0,0,0,0,1,0,0,1,0,0,0,0
3KQAB,16,1,1,0,1,0,0,1,0,0,0,0,0,0,2,0,1,0,0,0,1,0,0,0
3KQAB,17,0,1,0,0,0,1,1,0,0,0,1,1,0,0,0,0,0,0,2,0,0,0,0
3KQAB,18,0,0,0,1,0,0,0,1,1,1,1,1,1,0,0,0,0,0,1,0,0,0,0
3KQAB,19,0,1,0,0,0,0,0,1,0,1,1,0,0,0,0,1,0,0,0,1,0,0,0
3KQAB,20,0,1,0,0,0,0,1,0,0,0,0,0,0,0,0,0,1,0,1,0,0,0,0
3KQAB,21,0,1,1,1,0,0,2,1,0,0,0,0,0,0,0,0,0,0,1,0,0,0,0
3KQAB,22,1,0,0,0,0,0,1,0,0,0,0,2,0,1,0,0,0,0,0,0,0,0,0
3L7UC,1,0,1,2,1,1,1,1,1,1,0,0,0,0,0,1,1,0,2,0,0,0,0,0
3L7UC,2,0,1,0,0,0,1,0,1,0,0,1,0,0,0,0,0,0,0,0,0,0,0,0
3L7UC,3,0,1,0,1,0,0,0,0,0,0,1,0,0,0,1,0,0,0,2,0,0,0,0
3L7UC,4,0,0,0,0,0,0,0,0,1,1,1,0,1,0,0,0,0,0,1,0,0,0,0
3L7UC,5,0,1,0,0,0,0,1,1,0,0,1,0,0,0,0,2,0,0,1,0,0,0,0
3L7UC,6,0,0,0,0,0,0,0,1,1,1,1,0,1,0,0,0,0,1,0,0,0,0,0
3L7UC,7,1,1,0,0,0,0,1,1,1,1,0,0,1,0,1,0,0,1,0,0,0,0,0
3L7UC,8,0,1,0,1,0,1,0,0,0,0,0,0,0,1,1,0,0,1,0,0,0,0,0
3L7UC,9,1,0,0,0,0,0,1,0,0,0,2,0,0,0,0,0,0,0,1,0,0,0,0
3L7UC,10,0,0,0,0,0,0,1,1,0,1,0,0,0,0,0,0,0,1,2,0,0,0,0
3L7UC,11,0,1,1,0,0,0,0,2,0,1,1,0,1,0,0,0,0,1,1,0,0,0,0
3L7UC,12,0,0,0,0,0,0,2,0,0,0,1,0,0,0,1,0,0,0,1,1,0,0,0
3MN9A,1,0,4,1,4,1,2,2,7,1,0,4,2,0,3,1,2,0,3,3,1,0,0,0
3MN9A,2,1,0,3,0,0,1,1,1,1,0,0,1,0,0,0,1,1,0,1,0,0,0,0
3MN9A,3,0,0,0,1,0,1,1,0,0,0,0,0,0,0,0,0,0,0,0,0,0,0,0
3MN9A,4,0,1,0,0,0,0,1,2,1,1,0,0,0,0,0,1,0,1,0,0,0,0,0
3MN9A,5,1,1,0,0,0,0,1,1,0,1,0,0,0,0,1,0,0,0,0,0,0,0,0
3MN9A,6,1,1,0,0,1,0,0,0,0,2,0,0,0,0,0,1,0,0,0,0,0,0,0
3MN9A,7,0,0,0,1,0,0,1,0,0,0,1,0,0,0,0,0,0,0,0,0,0,0,0
3MN9A,8,1,1,0,0,1,0,1,1,1,2,0,0,0,0,0,0,0,2,2,0,0,0,0
3MN9A,9,0,0,0,1,0,0,0,0,0,1,0,0,0,0,0,0,0,1,0,1,0,0,0
3MN9A,10,0,1,0,0,1,0,1,0,0,2,1,0,0,1,1,0,0,1,1,0,0,0,0
3MN9A,11,1,0,0,0,0,1,1,0,0,0,1,0,0,0,0,0,0,0,0,0,0,0,0
3MN9A,12,1,0,0,0,1,0,1,0,0,0,0,1,0,0,1,0,0,0,0,0,0,0,0
3MN9A,13,0,1,0,0,0,0,0,0,0,0,1,1,0,1,0,0,0,2,1,0,0,0,0
3MN9A,14,1,0,0,2,0,0,0,1,0,0,0,0,0,1,0,0,0,0,0,0,0,0,0
3MN9A,15,0,0,0,2,0,0,0,0,0,1,1,0,1,0,0,0,0,1,0,0,0,0,0
3MN9A,16,3,0,0,0,0,1,0,0,0,0,0,0,0,1,1,0,0,0,1,0,0,0,0
3MN9A,17,0,0,0,0,0,0,1,1,0,1,0,1,1,0,0,0,0,3,0,0,0,0,0
3MN9A,18,0,2,0,2,0,0,1,1,1,0,0,0,0,0,0,0,0,1,0,0,0,0,0
3MN9A,19,2,1,1,0,1,0,1,0,2,1,0,0,0,1,0,0,0,0,0,0,0,0,0
3MN9A,20,0,0,0,1,0,0,0,1,1,0,0,0,0,0,2,0,0,0,0,0,0,0,0
3MN9A,21,0,0,0,1,0,1,2,0,2,1,1,0,1,0,1,0,0,1,0,0,0,0,0
3NNUA,1,1,4,0,2,0,0,2,1,4,6,1,2,1,0,0,1,0,1,3,3,0,0,0
3NNUA,2,0,1,0,0,0,0,0,0,0,1,1,0,0,1,1,1,0,1,0,1,0,0,0
3NNUA,3,0,1,1,1,0,0,0,2,0,0,1,0,1,0,3,1,0,0,0,0,0,0,0
3NNUA,4,0,0,0,1,0,0,2,2,0,3,1,0,0,1,0,1,0,0,2,0,0,0,0
3NNUA,5,0,0,1,0,0,0,0,1,0,1,0,0,0,1,2,1,1,0,1,0,0,0,0
3NNUA,6,0,0,0,1,0,0,0,0,0,0,1,0,0,0,0,0,0,1,1,1,0,0,0
3NNUA,7,0,2,1,1,0,0,1,0,1,0,0,3,0,0,0,1,0,1,0,0,0,0,0
3NNUA,8,1,2,1,1,0,0,1,0,0,0,0,0,0,1,0,1,0,0,0,0,0,0,0
3NNUA,9,1,1,2,2,0,1,2,1,0,3,1,1,1,0,0,0,0,2,1,1,0,0,0
3NNUA,10,1,2,0,1,0,0,0,0,1,0,1,0,2,2,0,1,0,1,2,0,0,0,0
3NNUA,11,1,0,0,0,0,0,0,0,1,2,0,0,0,0,2,0,1,1,0,0,0,0,0
3NNUA,12,1,0,1,0,0,0,1,0,0,0,2,0,0,1,1,1,1,1,0,0,0,0,0
3NNUA,13,0,1,0,1,0,1,1,0,2,0,0,0,0,0,0,0,0,1,0,0,0,0,0
3NNUA,14,1,0,1,2,0,0,0,1,0,0,1,1,1,0,1,1,0,0,0,1,0,0,0
3NNUA,15,0,1,0,1,0,0,0,0,0,1,0,0,0,3,0,1,0,0,0,0,0,0,0
3NNUA,16,0,1,0,0,0,0,0,0,0,3,0,1,1,0,0,0,0,0,0,0,0,0,0
3NNUA,17,0,0,0,0,0,0,0,1,0,2,3,1,1,3,0,0,0,0,1,2,0,0,0
3NNUA,18,2,0,0,0,0,1,0,0,0,0,1,0,0,0,1,1,0,0,0,1,0,0,0
3NNUA,19,1,0,0,0,0,1,0,1,1,2,0,0,0,1,0,1,0,0,0,0,0,0,0
3NNUA,20,1,0,0,1,0,0,0,1,1,2,0,0,1,0,0,1,0,0,2,0,0,0,0
3NNUA,21,0,0,0,1,0,0,0,0,0,1,1,0,0,0,0,0,0,0,0,0,0,0,0
3NNUA,22,0,1,0,1,0,0,0,0,0,3,1,0,0,0,1,2,0,0,0,0,0,0,0
3NNUA,23,2,0,1,0,0,0,0,0,0,1,0,0,1,0,0,0,0,0,0,0,0,0,0
3NNUA,24,0,0,0,1,0,0,0,0,1,1,0,0,0,0,0,0,0,0,0,0,0,0,0
3NNUA,25,0,1,0,0,0,0,1,1,0,0,1,0,0,0,0,1,0,1,0,0,0,0,0
3PEOG,1,0,0,0,2,0,3,0,1,0,1,0,1,1,0,0,3,0,0,0,0,0,0,0
3PEOG,2,0,0,0,0,0,3,1,0,0,0,0,0,1,3,1,0,0,0,1,0,0,0,0
3PEOG,3,0,0,0,0,0,0,0,0,1,0,0,1,0,1,2,1,0,0,1,0,0,0,0
3PEOG,4,0,2,0,0,0,1,0,0,0,0,0,0,0,1,1,0,0,0,0,0,0,0,0
3PEOG,5,0,0,0,0,0,0,2,0,1,0,0,0,0,0,2,0,1,2,1,0,0,0,0
3PEOG,6,1,0,0,1,0,0,1,1,0,0,0,0,0,1,0,1,0,1,1,0,0,0,0
3PEOG,7,0,0,0,1,0,0,0,1,0,1,0,0,1,1,0,0,0,0,0,0,0,0,0
3PEOG,8,1,0,1,0,0,0,0,0,0,0,1,0,0,0,0,0,0,1,1,0,0,0,0
3PEOG,9,0,1,0,2,0,1,1,0,0,0,1,0,0,0,1,0,0,0,0,0,0,0,0
3PEOG,10,0,0,0,0,0,0,1,0,0,0,1,0,0,0,0,0,0,1,0,0,0,0,0
3PEOG,11,0,0,1,1,0,0,0,0,0,2,1,0,0,1,0,0,0,1,0,0,0,0,0
3PUWE,1,1,0,1,1,0,0,1,2,0,2,2,0,1,2,0,0,2,0,1,0,0,0,0
3PUWE,2,1,1,2,1,0,2,0,2,2,0,1,1,0,1,0,0,0,2,0,0,0,0,0
3PUWE,3,1,0,1,0,0,0,3,1,0,0,2,0,0,0,0,1,0,1,1,0,0,0,0
3PUWE,4,2,0,0,0,0,1,3,0,0,0,1,1,0,0,0,0,0,0,0,0,0,0,0
3PUWE,5,2,1,0,1,0,0,0,1,0,0,1,0,0,1,0,1,0,2,2,0,0,0,0
3PUWE,6,0,0,0,0,0,1,1,1,1,1,1,0,0,1,0,1,0,0,0,0,0,0,0
3PUWE,7,0,0,0,0,0,0,1,0,0,0,0,0,0,1,0,0,1,2,0,0,0,0,0
3PUWE,8,0,0,1,1,0,0,0,0,1,0,1,0,0,0,0,0,0,0,1,0,0,0,0
3PUWE,9,2,0,0,0,0,1,1,3,1,0,2,0,3,1,0,0,1,3,0,0,0,0,0
3PUWE,10,2,0,0,0,0,0,2,0,2,0,2,0,0,0,0,0,0,1,0,0,0,0,0
3PUWE,11,0,0,0,2,0,1,0,0,0,1,2,0,0,1,0,0,1,0,0,0,0,0,0
3PUWE,12,0,1,1,1,0,0,0,0,1,0,0,2,0,2,1,0,1,0,0,0,0,0,0
3PUWE,13,0,0,0,1,0,1,1,0,0,0,2,0,0,0,0,0,0,0,0,0,0,0,0
3PUWE,14,1,0,2,0,0,0,1,0,0,0,0,0,0,0,1,1,0,0,0,0,0,0,0
3PUWE,15,1,0,1,0,0,0,1,1,0,0,1,0,0,0,0,0,0,0,0,0,0,0,0
3PUWE,16,0,0,1,0,0,0,0,0,0,0,2,2,0,0,1,0,0,0,0,1,0,0,0
3PUWE,17,0,1,0,2,0,0,0,1,0,0,1,0,0,2,1,0,2,0,0,0,0,0,0
4AKEB,1,1,1,0,0,0,0,0,5,0,2,1,1,0,1,0,1,0,1,0,0,0,0,0
4AKEB,2,2,1,0,1,0,1,1,0,1,1,0,1,0,0,1,0,0,0,0,0,0,0,0
4AKEB,3,0,1,0,0,0,1,1,0,0,0,0,0,1,0,0,1,0,0,0,0,0,0,0
4AKEB,4,1,0,2,0,0,0,1,0,1,0,0,1,0,0,0,1,0,2,1,0,0,0,0
4AKEB,5,0,1,0,0,0,0,0,0,0,0,1,1,0,0,0,0,0,0,1,0,0,0,0
4AKEB,6,1,1,0,0,0,1,0,2,0,0,1,0,2,0,0,1,0,0,1,0,0,0,0
4AKEB,7,0,1,0,1,0,0,1,0,0,1,0,0,0,0,0,0,0,0,0,0,0,0,0